UCPIBQDI0QM,AN_WILTY_EP15_truth1,2:06,2:11
UCPIBQDI0QM,AN_WILTY_EP15_truth2,2:25,2:32
UCPIBQDI0QM,AN_WILTY_EP15_truth3,5:50,5:55
UCPIBQDI0QM,AN_WILTY_EP15_lie4,7:03,7:06
UCPIBQDI0QM,AN_WILTY_EP15_lie5,7:32,7:36
UCPIBQDI0QM,AN_WILTY_EP15_truth6,8:58,9:04
UCPIBQDI0QM,AN_WILTY_EP15_truth7,9:48,9:51
UCPIBQDI0QM,AN_WILTY_EP15_truth8,17:04,17:08
UCPIBQDI0QM,AN_WILTY_EP15_truth9,17:44,17:47
UCPIBQDI0QM,AN_WILTY_EP15_lie10,18:17,18:20
UCPIBQDI0QM,AN_WILTY_EP15_lie11,18:30,18:33
UCPIBQDI0QM,AN_WILTY_EP15_lie12,18:41,18:45
UCPIBQDI0QM,AN_WILTY_EP15_lie13,18:49,18:53
UCPIBQDI0QM,AN_WILTY_EP15_lie14,19:01,19:07
UCPIBQDI0QM,AN_WILTY_EP15_lie15,19:22,19:26
UCPIBQDI0QM,AN_WILTY_EP15_lie16,19:29,19:34
UCPIBQDI0QM,AN_WILTY_EP15_lie17,19:48,19:53
UCPIBQDI0QM,AN_WILTY_EP15_lie18,23:38,23:42
UCPIBQDI0QM,AN_WILTY_EP15_lie19,23:44,23:47
UCPIBQDI0QM,AN_WILTY_EP15_truth20,25:26,25:31
UCPIBQDI0QM,AN_WILTY_EP15_truth21,25:35,25:39
UCPIBQDI0QM,AN_WILTY_EP15_truth22,25:44,25:47
UCPIBQDI0QM,AN_WILTY_EP15_truth23,26:14,26:23
UCPIBQDI0QM,AN_WILTY_EP15_truth24,26:28,26:37
hhSNKJ_lcNU,AN_WILTY_EP16_lie1,2:04,2:07
hhSNKJ_lcNU,AN_WILTY_EP16_lie2,2:21,2:27
hhSNKJ_lcNU,AN_WILTY_EP16_lie3,2:42,2:46
hhSNKJ_lcNU,AN_WILTY_EP16_lie4,2:50,2:54
hhSNKJ_lcNU,AN_WILTY_EP16_lie5,3:01,3:05
hhSNKJ_lcNU,AN_WILTY_EP16_lie6,3:11,3:15
hhSNKJ_lcNU,AN_WILTY_EP16_lie7,3:33,3:36
hhSNKJ_lcNU,AN_WILTY_EP16_truth8,5:29,5:37
hhSNKJ_lcNU,AN_WILTY_EP16_truth9,5:55,6
hhSNKJ_lcNU,AN_WILTY_EP16_truth10,6:04,6:09
hhSNKJ_lcNU,AN_WILTY_EP16_truth11,6:14,6:17
hhSNKJ_lcNU,AN_WILTY_EP16_truth12,8:51,8:58
hhSNKJ_lcNU,AN_WILTY_EP16_truth13,9:07,9:11
hhSNKJ_lcNU,AN_WILTY_EP16_truth14,9:40,9:47
hhSNKJ_lcNU,AN_WILTY_EP16_truth15,9:50,9:53
hhSNKJ_lcNU,AN_WILTY_EP16_truth16,15:57,16:06
hhSNKJ_lcNU,AN_WILTY_EP16_lie17,16:11,16:21
hhSNKJ_lcNU,AN_WILTY_EP16_lie18,17:11,17:14
hhSNKJ_lcNU,AN_WILTY_EP16_lie19,21:12,21:16
hhSNKJ_lcNU,AN_WILTY_EP16_lie20,21:25,21:30
hhSNKJ_lcNU,AN_WILTY_EP16_lie21,21:34,21:39
hhSNKJ_lcNU,AN_WILTY_EP16_truth22,23:18,23:25
hhSNKJ_lcNU,AN_WILTY_EP16_truth23,23:36,23:40
hhSNKJ_lcNU,AN_WILTY_EP16_truth24,23:57,24:04
hhSNKJ_lcNU,AN_WILTY_EP16_truth25,25:15,25:19
hhSNKJ_lcNU,AN_WILTY_EP16_truth26,25:59,26:04
QbthTZVmNYk,AN_WILTY_EP17_lie1,1:43,1:48
QbthTZVmNYk,AN_WILTY_EP17_truth2,8,8:04
QbthTZVmNYk,AN_WILTY_EP17_truth3,8:33,8:36
QbthTZVmNYk,AN_WILTY_EP17_truth4,8:50,8:53
QbthTZVmNYk,AN_WILTY_EP17_truth5,9:23,9:28
QbthTZVmNYk,AN_WILTY_EP17_truth6,9:49,9:55
QbthTZVmNYk,AN_WILTY_EP17_truth7,16:14,16:17
QbthTZVmNYk,AN_WILTY_EP17_lie8,16:26,16:29
QbthTZVmNYk,AN_WILTY_EP17_lie9,16:33,16:39
QbthTZVmNYk,AN_WILTY_EP17_truth10,20:15,20:20
QbthTZVmNYk,AN_WILTY_EP17_truth11,20:26,20:33
QbthTZVmNYk,AN_WILTY_EP17_truth12,20:45,20:48
QbthTZVmNYk,AN_WILTY_EP17_lie13,23:08,23:15
QbthTZVmNYk,AN_WILTY_EP17_lie14,23:38,23:42
QbthTZVmNYk,AN_WILTY_EP17_lie15,24:15,24:19
QbthTZVmNYk,AN_WILTY_EP17_lie16,25:54,25:57
QbthTZVmNYk,AN_WILTY_EP17_lie17,26:00,26:03
QbthTZVmNYk,AN_WILTY_EP17_lie18,26:21,26:25
QbthTZVmNYk,AN_WILTY_EP17_lie19,26:32,26:35
DJRLZV4Ec44,AN_WILTY_EP18_truth1,1:48,1:53
DJRLZV4Ec44,AN_WILTY_EP18_truth2,2:09,2:14
DJRLZV4Ec44,AN_WILTY_EP18_truth3,2:49,2:53
DJRLZV4Ec44,AN_WILTY_EP18_truth4,2:59,3:06
DJRLZV4Ec44,AN_WILTY_EP18_truth5,3:17,3:20
DJRLZV4Ec44,AN_WILTY_EP18_lie6,5:07,5:10
DJRLZV4Ec44,AN_WILTY_EP18_lie7,5:28,5:32
DJRLZV4Ec44,AN_WILTY_EP18_lie8,5:39,5:42
DJRLZV4Ec44,AN_WILTY_EP18_lie9,8:01,8:07
DJRLZV4Ec44,AN_WILTY_EP18_lie10,9:42,9:48
DJRLZV4Ec44,AN_WILTY_EP18_lie11,15:26,15:29
DJRLZV4Ec44,AN_WILTY_EP18_lie12,15:36,15:39
DJRLZV4Ec44,AN_WILTY_EP18_truth13,16:26,16:29
DJRLZV4Ec44,AN_WILTY_EP18_lie14,17:41,17:47
DJRLZV4Ec44,AN_WILTY_EP18_lie15,17:55,18:01
DJRLZV4Ec44,AN_WILTY_EP18_lie16,18:11,18:14
DJRLZV4Ec44,AN_WILTY_EP18_lie17,18:16,18:19
DJRLZV4Ec44,AN_WILTY_EP18_lie18,18:25,18:30
DJRLZV4Ec44,AN_WILTY_EP18_truth19,19:59,20:03
DJRLZV4Ec44,AN_WILTY_EP18_lie20,20:40,20:45
DJRLZV4Ec44,AN_WILTY_EP18_lie21,21:06,21:13
DJRLZV4Ec44,AN_WILTY_EP18_lie22,21:26,21:30
DJRLZV4Ec44,AN_WILTY_EP18_truth23,22:46,22:50
ZrnEJ5g4CLU,AN_WILTY_EP19_lie1,2:11,2:17
ZrnEJ5g4CLU,AN_WILTY_EP19_lie2,3:01,3:08
ZrnEJ5g4CLU,AN_WILTY_EP19_truth3,5:24,5:28
ZrnEJ5g4CLU,AN_WILTY_EP19_truth4,5:33,5:36
ZrnEJ5g4CLU,AN_WILTY_EP19_truth5,6:08,6:16
ZrnEJ5g4CLU,AN_WILTY_EP19_truth6,8:09,8:13
ZrnEJ5g4CLU,AN_WILTY_EP19_lie7,9:37,9:42
ZrnEJ5g4CLU,AN_WILTY_EP19_lie8,10:12,10:17
ZrnEJ5g4CLU,AN_WILTY_EP19_lie9,10:23,10:28
ZrnEJ5g4CLU,AN_WILTY_EP19_lie10,10:46,10:50
ZrnEJ5g4CLU,AN_WILTY_EP19_lie11,16:08,16:12
ZrnEJ5g4CLU,AN_WILTY_EP19_lie12,16:17,16:22
ZrnEJ5g4CLU,AN_WILTY_EP19_lie13,19:34,19:38
ZrnEJ5g4CLU,AN_WILTY_EP19_lie14,19:55,19:58
ZrnEJ5g4CLU,AN_WILTY_EP19_lie15,22:36,22:41
ZrnEJ5g4CLU,AN_WILTY_EP19_lie16,22:55,22:58
ZrnEJ5g4CLU,AN_WILTY_EP19_lie17,23:14,23:18
ZrnEJ5g4CLU,AN_WILTY_EP19_lie18,23:22,23:27
ZrnEJ5g4CLU,AN_WILTY_EP19_lie19,24:40,24:44
ZrnEJ5g4CLU,AN_WILTY_EP19_truth20,25:50,25:56
ZrnEJ5g4CLU,AN_WILTY_EP19_truth21,26:39,26:42
VSSCH5LcafA,AN_WILTY_EP20_truth1,1:55,1:59
VSSCH5LcafA,AN_WILTY_EP20_truth2,5:35,5:38
VSSCH5LcafA,AN_WILTY_EP20_truth3,6:01,6:06
VSSCH5LcafA,AN_WILTY_EP20_truth4,6:47,6:51
VSSCH5LcafA,AN_WILTY_EP20_lie5,8:54,8:57
VSSCH5LcafA,AN_WILTY_EP20_lie6,9:12,9:17
VSSCH5LcafA,AN_WILTY_EP20_lie7,9:53,9:59
VSSCH5LcafA,AN_WILTY_EP20_lie8,10:01,10:05
VSSCH5LcafA,AN_WILTY_EP20_lie9,10:12,10:16
VSSCH5LcafA,AN_WILTY_EP20_lie10,16:54,16:57
VSSCH5LcafA,AN_WILTY_EP20_truth11,17:14,17:20
VSSCH5LcafA,AN_WILTY_EP20_lie12,18:54,19:01
VSSCH5LcafA,AN_WILTY_EP20_lie13,19:12,19:15
VSSCH5LcafA,AN_WILTY_EP20_lie14,24:35,24:39
VSSCH5LcafA,AN_WILTY_EP20_lie15,25:26,25:35
VSSCH5LcafA,AN_WILTY_EP20_lie16,26:05,26:10
K9h744kQGTM,AN_WILTY_EP21_lie1,1:51,1:56
K9h744kQGTM,AN_WILTY_EP21_truth2,5:44,5:49
K9h744kQGTM,AN_WILTY_EP21_truth3,5:58,6:05
K9h744kQGTM,AN_WILTY_EP21_truth4,7:04,7:10
K9h744kQGTM,AN_WILTY_EP21_lie5,8:34,8:41
K9h744kQGTM,AN_WILTY_EP21_lie6,8:51,8:58
K9h744kQGTM,AN_WILTY_EP21_lie7,9:02,9:05
K9h744kQGTM,AN_WILTY_EP21_lie8,9:09,9:13
K9h744kQGTM,AN_WILTY_EP21_lie9,17:19,17:22
K9h744kQGTM,AN_WILTY_EP21_lie10,17:35,17:40
K9h744kQGTM,AN_WILTY_EP21_lie11,17:44,17:48
K9h744kQGTM,AN_WILTY_EP21_lie12,19:52,19:56
K9h744kQGTM,AN_WILTY_EP21_lie13,21:47,21:52
K9h744kQGTM,AN_WILTY_EP21_lie14,21:56,22:03
K9h744kQGTM,AN_WILTY_EP21_lie15,22:12,22:17
K9h744kQGTM,AN_WILTY_EP21_lie16,22:43,22:46
K9h744kQGTM,AN_WILTY_EP21_lie17,23:01,23:06
K9h744kQGTM,AN_WILTY_EP21_lie18,23:36,23:40
K9h744kQGTM,AN_WILTY_EP21_truth19,23:44,23:47
K9h744kQGTM,AN_WILTY_EP21_truth20,24:10,24:14
K9h744kQGTM,AN_WILTY_EP21_truth21,24:20,24:24
K9h744kQGTM,AN_WILTY_EP21_lie22,25:36,25:40
K9h744kQGTM,AN_WILTY_EP21_lie23,26:04,26:08
K9h744kQGTM,AN_WILTY_EP21_lie24,27:10,27:15
4guAsXvaYfE,AN_WILTY_EP22_truth1,2,2:05
4guAsXvaYfE,AN_WILTY_EP22_truth2,2:09,2:15
4guAsXvaYfE,AN_WILTY_EP22_truth3,2:31,2:34
4guAsXvaYfE,AN_WILTY_EP22_truth4,3:02,3:05
4guAsXvaYfE,AN_WILTY_EP22_lie5,4:43,4:46
4guAsXvaYfE,AN_WILTY_EP22_lie6,4:54,4:59
4guAsXvaYfE,AN_WILTY_EP22_lie7,5:31,5:34
4guAsXvaYfE,AN_WILTY_EP22_lie8,7:29,7:36
4guAsXvaYfE,AN_WILTY_EP22_lie9,8:10,8:13
4guAsXvaYfE,AN_WILTY_EP22_lie10,8:32,8:37
4guAsXvaYfE,AN_WILTY_EP22_lie11,8:58,9:02
4guAsXvaYfE,AN_WILTY_EP22_lie12,9:29,9:33
4guAsXvaYfE,AN_WILTY_EP22_truth13,10:46,10:52
4guAsXvaYfE,AN_WILTY_EP22_truth14,11:31,11:38
4guAsXvaYfE,AN_WILTY_EP22_truth15,12:08,12:15
4guAsXvaYfE,AN_WILTY_EP22_lie16,18:08,18:11
4guAsXvaYfE,AN_WILTY_EP22_lie17,18:18,18:22
4guAsXvaYfE,AN_WILTY_EP22_truth18,18:26,18:30
4guAsXvaYfE,AN_WILTY_EP22_truth19,19:13,19:19
4guAsXvaYfE,AN_WILTY_EP22_truth20,19:35,19:39
4guAsXvaYfE,AN_WILTY_EP22_lie21,19:50,19:53
4guAsXvaYfE,AN_WILTY_EP22_lie22,19:57,20
4guAsXvaYfE,AN_WILTY_EP22_lie23,20:03,20:06
4guAsXvaYfE,AN_WILTY_EP22_lie24,20:22,20:26
4guAsXvaYfE,AN_WILTY_EP22_lie25,21:22,21:25
4guAsXvaYfE,AN_WILTY_EP22_lie26,21:27,21:33
4guAsXvaYfE,AN_WILTY_EP22_lie27,23:33,23:38
4guAsXvaYfE,AN_WILTY_EP22_lie28,24:06,24:14
4guAsXvaYfE,AN_WILTY_EP22_lie29,24:20,24:27
4guAsXvaYfE,AN_WILTY_EP22_lie30,26:11,26:15
7AYOdlw5Gg4,AN_WILTY_EP23_truth1,1:52,1:58
7AYOdlw5Gg4,AN_WILTY_EP23_truth2,3:05,3:10
7AYOdlw5Gg4,AN_WILTY_EP23_truth3,3:23,3:27
7AYOdlw5Gg4,AN_WILTY_EP23_truth4,3:39,3:44
7AYOdlw5Gg4,AN_WILTY_EP23_truth5,3:49,3:54
7AYOdlw5Gg4,AN_WILTY_EP23_truth6,5:29,5:35
7AYOdlw5Gg4,AN_WILTY_EP23_truth7,5:47,5:50
7AYOdlw5Gg4,AN_WILTY_EP23_truth8,5:54,5:57
7AYOdlw5Gg4,AN_WILTY_EP23_truth9,6,6:08
Nj66dXc93U0,AN_WILTY_EP24_lie1,0:03,0:06
Nj66dXc93U0,AN_WILTY_EP24_lie2,0:11,0:21
Nj66dXc93U0,AN_WILTY_EP24_lie3,0:23,0:28
Nj66dXc93U0,AN_WILTY_EP24_lie4,0:33,0:39
Nj66dXc93U0,AN_WILTY_EP24_lie5,0:41,0:47
Nj66dXc93U0,AN_WILTY_EP24_lie6,1:36,1:43
Nj66dXc93U0,AN_WILTY_EP24_lie7,2:15,2:22
Nj66dXc93U0,AN_WILTY_EP24_truth8,5:55,5:58
Nj66dXc93U0,AN_WILTY_EP24_lie9,6:03,6:10
Nj66dXc93U0,AN_WILTY_EP24_lie10,6:16,6:22
Nj66dXc93U0,AN_WILTY_EP24_truth11,6:37,6:41
Nj66dXc93U0,AN_WILTY_EP24_truth12,7:57,8
Nj66dXc93U0,AN_WILTY_EP24_lie13,8:29,8:33
Nj66dXc93U0,AN_WILTY_EP24_lie14,8:46,8:50
Nj66dXc93U0,AN_WILTY_EP24_lie15,9:16,9:19
Nj66dXc93U0,AN_WILTY_EP24_lie16,9:26,9:36
Nj66dXc93U0,AN_WILTY_EP24_lie17,9:46,9:51
Af5tAj0w2Ig,AN_WILTY_EP25_lie1,0:06,0:10
Af5tAj0w2Ig,AN_WILTY_EP25_lie2,0:14,0:19
Af5tAj0w2Ig,AN_WILTY_EP25_lie3,0:28,0:32
Af5tAj0w2Ig,AN_WILTY_EP25_truth4,3:57,4:04
Af5tAj0w2Ig,AN_WILTY_EP25_truth5,4:30,4:40
Af5tAj0w2Ig,AN_WILTY_EP25_truth6,4:47,4:51
Af5tAj0w2Ig,AN_WILTY_EP25_lie7,6:19,6:24
Af5tAj0w2Ig,AN_WILTY_EP25_lie8,7:04,7:08
Af5tAj0w2Ig,AN_WILTY_EP25_lie9,7:10,7:14
Af5tAj0w2Ig,AN_WILTY_EP25_lie10,7:28,7:38
Af5tAj0w2Ig,AN_WILTY_EP25_lie11,7:38,7:48
ZtLI7s4GvnI,AN_WILTY_EP26_lie1,1:44,1:50
ZtLI7s4GvnI,AN_WILTY_EP26_truth2,5:13,5:19
ZtLI7s4GvnI,AN_WILTY_EP26_truth3,5:37,5:45
ZtLI7s4GvnI,AN_WILTY_EP26_truth4,5:51,5:56
ZtLI7s4GvnI,AN_WILTY_EP26_truth5,6:01,6:07
ZtLI7s4GvnI,AN_WILTY_EP26_truth6,6:30,6:40
ZtLI7s4GvnI,AN_WILTY_EP26_truth7,6:43,6:53
ZtLI7s4GvnI,AN_WILTY_EP26_truth8,6:53,7
ZtLI7s4GvnI,AN_WILTY_EP26_truth9,7:47,7:52
ZtLI7s4GvnI,AN_WILTY_EP26_truth10,9:06,9:11
ZtLI7s4GvnI,AN_WILTY_EP26_truth11,9:58,10:01
ZtLI7s4GvnI,AN_WILTY_EP26_truth12,10:20,10:23
ZtLI7s4GvnI,AN_WILTY_EP26_truth13,11:38,11:48
ZtLI7s4GvnI,AN_WILTY_EP26_lie14,12,12:05
ZtLI7s4GvnI,AN_WILTY_EP26_lie15,12:10,12:19
ZtLI7s4GvnI,AN_WILTY_EP26_lie16,12:34,12:42
ZtLI7s4GvnI,AN_WILTY_EP26_lie17,13:11,13:17
ZtLI7s4GvnI,AN_WILTY_EP26_lie18,13:38,13:41
8at1JnjYn58,AN_WILTY_EP27_lie1,0:21,0:24
8at1JnjYn58,AN_WILTY_EP27_lie2,0:41,0:47
8at1JnjYn58,AN_WILTY_EP27_lie3,0:51,1
8at1JnjYn58,AN_WILTY_EP27_lie4,1:04,1:07
8at1JnjYn58,AN_WILTY_EP27_truth5,1:47,1:51
8at1JnjYn58,AN_WILTY_EP27_truth6,2:05,2:09
8at1JnjYn58,AN_WILTY_EP27_truth7,2:15,2:20
8at1JnjYn58,AN_WILTY_EP27_truth8,2:33,2:43
8at1JnjYn58,AN_WILTY_EP27_truth9,3:20,3:24
8at1JnjYn58,AN_WILTY_EP27_truth10,3:35,3:40
8at1JnjYn58,AN_WILTY_EP27_lie11,5:33,5:38
8at1JnjYn58,AN_WILTY_EP27_lie12,9:27,9:31
8at1JnjYn58,AN_WILTY_EP27_truth13,11:09,11:13
8at1JnjYn58,AN_WILTY_EP27_truth14,11:30,11:33
8at1JnjYn58,AN_WILTY_EP27_truth15,11:59,12:04
8at1JnjYn58,AN_WILTY_EP27_truth16,12:20,12:25
nkCdzNDP8CY,AN_WILTY_EP28_lie1,1:50,1:53
nkCdzNDP8CY,AN_WILTY_EP28_lie2,2:04,2:14
nkCdzNDP8CY,AN_WILTY_EP28_lie3,2:14,2:18
nkCdzNDP8CY,AN_WILTY_EP28_lie4,2:30,2:35
nkCdzNDP8CY,AN_WILTY_EP28_lie5,2:40,2:43
nkCdzNDP8CY,AN_WILTY_EP28_lie6,2:48,2:55
nkCdzNDP8CY,AN_WILTY_EP28_truth7,4:15,4:23
nkCdzNDP8CY,AN_WILTY_EP28_truth8,5:55,6:01
nkCdzNDP8CY,AN_WILTY_EP28_truth9,6:32,6:37
nkCdzNDP8CY,AN_WILTY_EP28_truth10,6:44,6:49
nkCdzNDP8CY,AN_WILTY_EP28_truth11,7:44,7:47
nkCdzNDP8CY,AN_WILTY_EP28_truth12,8:06,8:11
nkCdzNDP8CY,AN_WILTY_EP28_truth13,9:51,9:54
nkCdzNDP8CY,AN_WILTY_EP28_truth14,10:26,10:31
nkCdzNDP8CY,AN_WILTY_EP28_truth15,10:50,10:54
nkCdzNDP8CY,AN_WILTY_EP28_truth16,11:09,11:17
nkCdzNDP8CY,AN_WILTY_EP28_truth17,13:45,13:49
xXnyKLgp3eg,YW_WILTY_EP43_truth1 ,2:16,2:26
xXnyKLgp3eg,YW_WILTY_EP43_truth2,2:58,3:03
xXnyKLgp3eg,YW_WILTY_EP43_truth3,4:03,4:08
xXnyKLgp3eg,YW_WILTY_EP43_lie1,7:34,7:38
xXnyKLgp3eg,YW_WILTY_EP43_lie2,7:49,7:58
xXnyKLgp3eg,YW_WILTY_EP43_lie3,8:15,8:20
xXnyKLgp3eg,YW_WILTY_EP43_lie4,9:13,9:18
xXnyKLgp3eg,YW_WILTY_EP43_lie5,9:20,9:24
xXnyKLgp3eg,YW_WILTY_EP43_lie6,11:30,11:33
xXnyKLgp3eg,YW_WILTY_EP43_truth4,12:56,13:03
xXnyKLgp3eg,YW_WILTY_EP43_lie7,13:11,13:19
xXnyKLgp3eg,YW_WILTY_EP43_lie8,13:27,13:33
xXnyKLgp3eg,YW_WILTY_EP43_lie9,14:18,14:22
xXnyKLgp3eg,YW_WILTY_EP43_lie10,14:37,14:40
xXnyKLgp3eg,YW_WILTY_EP43_truth5,17:13,17:16
xXnyKLgp3eg,YW_WILTY_EP43_truth6,17:22,17:32
xXnyKLgp3eg,YW_WILTY_EP43_truth7,17:35,17:42
xXnyKLgp3eg,YW_WILTY_EP43_truth8,17:50,18
xXnyKLgp3eg,YW_WILTY_EP43_lie11,18:57,19:01
xXnyKLgp3eg,YW_WILTY_EP43_lie12,19:53,19:57
xXnyKLgp3eg,YW_WILTY_EP43_lie13,21:57,22:02
xXnyKLgp3eg,YW_WILTY_EP43_lie14,22:28,22:33
xXnyKLgp3eg,YW_WILTY_EP43_lie15,25:03,25:07
E0g49dh14S8,YW_WILTY_EP44_lie1,2:06,2:12
E0g49dh14S8,YW_WILTY_EP44_lie2,2:19,2:24
E0g49dh14S8,YW_WILTY_EP44_lie3,3:02,3:05
E0g49dh14S8,YW_WILTY_EP44_lie4,3:08,3:11
E0g49dh14S8,YW_WILTY_EP44_lie5,7:02,7:07
E0g49dh14S8,YW_WILTY_EP44_truth1,7:19,7:29
E0g49dh14S8,YW_WILTY_EP44_truth2,7:49,7:53
E0g49dh14S8,YW_WILTY_EP44_truth3,10:42,10:45
E0g49dh14S8,YW_WILTY_EP44_truth4,14:15,14:21
E0g49dh14S8,YW_WILTY_EP44_lie6,14:26,14:33
E0g49dh14S8,YW_WILTY_EP44_lie7,14:38,14:45
E0g49dh14S8,YW_WILTY_EP44_truth5,15:06,15:13
E0g49dh14S8,YW_WILTY_EP44_truth6,15:29,15:32
E0g49dh14S8,YW_WILTY_EP44_truth7,15:41,15:48
E0g49dh14S8,YW_WILTY_EP44_truth8,15:54,15:57
E0g49dh14S8,YW_WILTY_EP44_truth9,16:26,16:30
E0g49dh14S8,YW_WILTY_EP44_truth10,16:44,16:48
E0g49dh14S8,YW_WILTY_EP44_lie8,17:21,17:24
E0g49dh14S8,YW_WILTY_EP44_lie9,17:34,17:37
E0g49dh14S8,YW_WILTY_EP44_lie10,17:46,17:49
E0g49dh14S8,YW_WILTY_EP44_lie11,17:58,18:03
E0g49dh14S8,YW_WILTY_EP44_lie12,21:03,21:08
E0g49dh14S8,YW_WILTY_EP44_lie13,21:19,21:23
E0g49dh14S8,YW_WILTY_EP44_lie14,21:25,21:28
E0g49dh14S8,YW_WILTY_EP44_lie15,22:07,22:12
E0g49dh14S8,YW_WILTY_EP44_truth11,23:12,23:16
E0g49dh14S8,YW_WILTY_EP44_truth12,23:38,23:47
E0g49dh14S8,YW_WILTY_EP44_truth13,24:16,24:22
E0g49dh14S8,YW_WILTY_EP44_truth14,25:49,25:53
E0g49dh14S8,YW_WILTY_EP44_truth15,25:58,26:08
L2dK_5Zg5Rg,YW_WILTY_EP45_truth1,3:12,3:16
L2dK_5Zg5Rg,YW_WILTY_EP45_lie1,6:21,6:24
L2dK_5Zg5Rg,YW_WILTY_EP45_lie2,6:26,6:29
L2dK_5Zg5Rg,YW_WILTY_EP45_lie3,6:41,6:46
L2dK_5Zg5Rg,YW_WILTY_EP45_lie4,6:50,6:57
L2dK_5Zg5Rg,YW_WILTY_EP45_lie5,7:25,7:31
L2dK_5Zg5Rg,YW_WILTY_EP45_lie6,7:35,7:38
L2dK_5Zg5Rg,YW_WILTY_EP45_lie7,8:01,8:06
L2dK_5Zg5Rg,YW_WILTY_EP45_lie8,8:19,8:24
L2dK_5Zg5Rg,YW_WILTY_EP45_truth2,10:15,10:20
L2dK_5Zg5Rg,YW_WILTY_EP45_truth3,10:42,10:46
L2dK_5Zg5Rg,YW_WILTY_EP45_truth4,10:49,10:55
L2dK_5Zg5Rg,YW_WILTY_EP45_truth5,12:20,12:26
L2dK_5Zg5Rg,YW_WILTY_EP45_truth6,12:37,12:42
L2dK_5Zg5Rg,YW_WILTY_EP45_lie9,14:14,14:17
L2dK_5Zg5Rg,YW_WILTY_EP45_truth7,14:21,14:28
L2dK_5Zg5Rg,YW_WILTY_EP45_lie10,14:30,14:37
L2dK_5Zg5Rg,YW_WILTY_EP45_lie11,15:15,15:18
L2dK_5Zg5Rg,YW_WILTY_EP45_lie12,15:37,15:43
L2dK_5Zg5Rg,YW_WILTY_EP45_lie13,15:56,16:01
L2dK_5Zg5Rg,YW_WILTY_EP45_lie14,17:44,17:52
L2dK_5Zg5Rg,YW_WILTY_EP45_lie15,17:57,18:05
L2dK_5Zg5Rg,YW_WILTY_EP45_lie16,18:08,18:16
L2dK_5Zg5Rg,YW_WILTY_EP45_lie17,18:44,18:47
L2dK_5Zg5Rg,YW_WILTY_EP45_lie18,18:53,18:57
L2dK_5Zg5Rg,YW_WILTY_EP45_lie19,19:19,19:24
LPs5nlYYQck,YW_WILTY_EP46_lie1,2:30,2:33
LPs5nlYYQck,YW_WILTY_EP46_lie2,2:42,2:46
LPs5nlYYQck,YW_WILTY_EP46_truth1,6:47,6:53
LPs5nlYYQck,YW_WILTY_EP46_truth1,9:05,9:09
LPs5nlYYQck,YW_WILTY_EP46_lie3,11:06,11:14
LPs5nlYYQck,YW_WILTY_EP46_lie4,11:30,11:34
LPs5nlYYQck,YW_WILTY_EP46_lie5,11:49,11:57
LPs5nlYYQck,YW_WILTY_EP46_truth3,14:03,14:06
LPs5nlYYQck,YW_WILTY_EP46_truth4,14:19,14:25
LPs5nlYYQck,YW_WILTY_EP46_lie6,14:39,14:43
LPs5nlYYQck,YW_WILTY_EP46_lie7,15:24,15:28
LPs5nlYYQck,YW_WILTY_EP46_truth5,18:35,18:38
LPs5nlYYQck,YW_WILTY_EP46_truth6,19:06,19:10
LPs5nlYYQck,YW_WILTY_EP46_truth7,19:22,19:25
LPs5nlYYQck,YW_WILTY_EP46_truth8,20:15,20:18
LPs5nlYYQck,YW_WILTY_EP46_truth9,20:21,20:25
LPs5nlYYQck,YW_WILTY_EP46_truth10,20:33,20:38
LPs5nlYYQck,YW_WILTY_EP46_lie8,22:06,22:15
LPs5nlYYQck,YW_WILTY_EP46_truth11,25:57,26:00
LPs5nlYYQck,YW_WILTY_EP46_truth12,26:29,26:38
NHiEffV3Ixw,YW_WILTY_EP47_lie1,2:26,2:30
NHiEffV3Ixw,YW_WILTY_EP47_lie2,4:42,4:45
NHiEffV3Ixw,YW_WILTY_EP47_lie3,5:14,5:19
NHiEffV3Ixw,YW_WILTY_EP47_truth1,6:30,6:33
NHiEffV3Ixw,YW_WILTY_EP47_truth2,7:41,7:45
NHiEffV3Ixw,YW_WILTY_EP47_lie4,10,10:09
NHiEffV3Ixw,YW_WILTY_EP47_lie5,10:12,10:18
NHiEffV3Ixw,YW_WILTY_EP47_lie6,10:32,10:35
NHiEffV3Ixw,YW_WILTY_EP47_lie7,10:38,10:41
NHiEffV3Ixw,YW_WILTY_EP47_lie8,10:53,11:02
NHiEffV3Ixw,YW_WILTY_EP47_lie9,11:14,11:18
NHiEffV3Ixw,YW_WILTY_EP47_lie10,11:50,11:53
NHiEffV3Ixw,YW_WILTY_EP47_lie11,11:59,12:02
NHiEffV3Ixw,YW_WILTY_EP47_truth3,14:02,14:10
NHiEffV3Ixw,YW_WILTY_EP47_lie12,14:17,14:27
NHiEffV3Ixw,YW_WILTY_EP47_lie13,14:32,14:39
NHiEffV3Ixw,YW_WILTY_EP47_lie14,15:17,15:22
NHiEffV3Ixw,YW_WILTY_EP47_lie15,15:55,15:58
NHiEffV3Ixw,YW_WILTY_EP47_truth4,16:24,16:27
NHiEffV3Ixw,YW_WILTY_EP47_truth5,16:45,16:48
NHiEffV3Ixw,YW_WILTY_EP47_lie16,17:07,17:11
NHiEffV3Ixw,YW_WILTY_EP47_lie17,18:56,19
NHiEffV3Ixw,YW_WILTY_EP47_lie18,19:03,19:07
NHiEffV3Ixw,YW_WILTY_EP47_lie19,19:24,19:28
NHiEffV3Ixw,YW_WILTY_EP47_lie20,22:13,22:18
NHiEffV3Ixw,YW_WILTY_EP47_truth6,25:59,26:08
NHiEffV3Ixw,YW_WILTY_EP47_truth7,26:34,26:38
goi-_qyD7UU,YW_WILTY_EP48_truth1,2:29,2:33
goi-_qyD7UU,YW_WILTY_EP48_truth2,3:27,3:30
goi-_qyD7UU,YW_WILTY_EP48_truth3,3:59,4:03
goi-_qyD7UU,YW_WILTY_EP48_truth4,5:34,5:40
goi-_qyD7UU,YW_WILTY_EP48_truth5,5:59,6:02
goi-_qyD7UU,YW_WILTY_EP48_truth6,6:16,6:20
goi-_qyD7UU,YW_WILTY_EP48_truth7,6:26,6:30
goi-_qyD7UU,YW_WILTY_EP48_lie1,8:34,8:37
goi-_qyD7UU,YW_WILTY_EP48_lie2,9:13,9:18
goi-_qyD7UU,YW_WILTY_EP48_lie3,12:14,12:18
goi-_qyD7UU,YW_WILTY_EP48_lie4,12:20,12:23
goi-_qyD7UU,YW_WILTY_EP48_lie5,12:46,12:50
goi-_qyD7UU,YW_WILTY_EP48_lie6,13:39,13:43
goi-_qyD7UU,YW_WILTY_EP48_lie7,15:16,15:20
goi-_qyD7UU,YW_WILTY_EP48_lie8,15:24,15:27
goi-_qyD7UU,YW_WILTY_EP48_lie9,15:53,16:02
goi-_qyD7UU,YW_WILTY_EP48_lie10,16:06,16:13
goi-_qyD7UU,YW_WILTY_EP48_truth8,16:41,16:45
goi-_qyD7UU,YW_WILTY_EP48_truth9,17:14,17:17
goi-_qyD7UU,YW_WILTY_EP48_lie11,21:05,21:08
txoRmRLHD-E,YW_WILTY_EP49_truth1,2:20,2:25
txoRmRLHD-E,YW_WILTY_EP49_truth2,2:43,2:47
txoRmRLHD-E,YW_WILTY_EP49_truth3,2:51,3:01
txoRmRLHD-E,YW_WILTY_EP49_truth4,4:19,4:22
txoRmRLHD-E,YW_WILTY_EP49_truth5,7:46,7:50
txoRmRLHD-E,YW_WILTY_EP49_lie1,11:22,11:25
txoRmRLHD-E,YW_WILTY_EP49_truth6,14:54,15
txoRmRLHD-E,YW_WILTY_EP49_lie2,15:08,15:18
txoRmRLHD-E,YW_WILTY_EP49_lie3,15:22,15:29
txoRmRLHD-E,YW_WILTY_EP49_lie4,16:19,16:23
txoRmRLHD-E,YW_WILTY_EP49_lie5,16:33,16:38
txoRmRLHD-E,YW_WILTY_EP49_truth7,18:54,19:02
txoRmRLHD-E,YW_WILTY_EP49_truth8,19:08,19:18
txoRmRLHD-E,YW_WILTY_EP49_truth9,19:23,19:28
txoRmRLHD-E,YW_WILTY_EP49_lie6,21:06,21:12
txoRmRLHD-E,YW_WILTY_EP49_lie7,21:43,21:47
txoRmRLHD-E,YW_WILTY_EP49_lie8,22:25,22:33
txoRmRLHD-E,YW_WILTY_EP49_truth10,25:00,25:07
txoRmRLHD-E,YW_WILTY_EP49_truth11,25:14,25:22
txoRmRLHD-E,YW_WILTY_EP49_truth12,25:40,25:43
txoRmRLHD-E,YW_WILTY_EP49_truth13,25:57,26:00
txoRmRLHD-E,YW_WILTY_EP49_truth14,26:03,26:07
FvHR_5rI8NY,YW_WILTY_EP50_lie1,2:11,2:14
FvHR_5rI8NY,YW_WILTY_EP50_lie2,2:18,2:22
FvHR_5rI8NY,YW_WILTY_EP50_lie3,2:29,2:38
FvHR_5rI8NY,YW_WILTY_EP50_lie4,2:52,2:55
FvHR_5rI8NY,YW_WILTY_EP50_lie5,3:29,3:38
FvHR_5rI8NY,YW_WILTY_EP50_lie6,3:42,3:46
FvHR_5rI8NY,YW_WILTY_EP50_truth1,5:10,5:16
FvHR_5rI8NY,YW_WILTY_EP50_truth2,5:57,6:03
FvHR_5rI8NY,YW_WILTY_EP50_truth3,6:07,6:12
FvHR_5rI8NY,YW_WILTY_EP50_truth4,6:15,6:18
FvHR_5rI8NY,YW_WILTY_EP50_truth5,6:39,6:43
FvHR_5rI8NY,YW_WILTY_EP50_lie7,10:04,10:07
FvHR_5rI8NY,YW_WILTY_EP50_truth6,10:12,10:16
FvHR_5rI8NY,YW_WILTY_EP50_lie8,10:21,10:26
FvHR_5rI8NY,YW_WILTY_EP50_lie9,10:33,10:36
FvHR_5rI8NY,YW_WILTY_EP50_lie10,10:59,11:05
FvHR_5rI8NY,YW_WILTY_EP50_lie11,11:20,11:23
FvHR_5rI8NY,YW_WILTY_EP50_lie12,11:27,11:31
FvHR_5rI8NY,YW_WILTY_EP50_lie13,11:50,11:53
FvHR_5rI8NY,YW_WILTY_EP50_lie14,12:06,12:13
FvHR_5rI8NY,YW_WILTY_EP50_lie15,12:17,12:25
FvHR_5rI8NY,YW_WILTY_EP50_truth7,14:49,14:53
FvHR_5rI8NY,YW_WILTY_EP50_truth8,15:35,15:38
FvHR_5rI8NY,YW_WILTY_EP50_truth9,15:45,15:49
FvHR_5rI8NY,YW_WILTY_EP50_truth10,15:55,15:59
FvHR_5rI8NY,YW_WILTY_EP50_truth11,20:25,20:28
FvHR_5rI8NY,YW_WILTY_EP50_truth12,23:15,23:20
FvHR_5rI8NY,YW_WILTY_EP50_truth13,23:33,23:36
FvHR_5rI8NY,YW_WILTY_EP50_truth14,23:49,23:53
FvHR_5rI8NY,YW_WILTY_EP50_truth15,23:58,24:03
XOOe7-3jptw,YW_WILTY_EP51_truth1,2:20,2:27
XOOe7-3jptw,YW_WILTY_EP51_truth2,3:31,3:37
XOOe7-3jptw,YW_WILTY_EP51_truth3,3:41,3:45
XOOe7-3jptw,YW_WILTY_EP51_lie1,5:39,5:42
XOOe7-3jptw,YW_WILTY_EP51_lie2,9:35,9:38
XOOe7-3jptw,YW_WILTY_EP51_lie3,9:49,9:54
XOOe7-3jptw,YW_WILTY_EP51_lie4,10:48,10:55
XOOe7-3jptw,YW_WILTY_EP51_lie5,11:27,11:31
XOOe7-3jptw,YW_WILTY_EP51_truth4,13:45,13:54
XOOe7-3jptw,YW_WILTY_EP51_lie6,15:11,15:15
XOOe7-3jptw,YW_WILTY_EP51_lie7,15:44,15:53
XOOe7-3jptw,YW_WILTY_EP51_lie8,15:58,16:04
XOOe7-3jptw,YW_WILTY_EP51_lie9,23:08,23:13
XOOe7-3jptw,YW_WILTY_EP51_truth5,25:31,25:35
XOOe7-3jptw,YW_WILTY_EP51_truth6,25:52,25:55
9vYm2nB7qX8,YW_WILTY_EP52_truth1,2:04,2:10
9vYm2nB7qX8,YW_WILTY_EP52_truth2,3:26,3:33
9vYm2nB7qX8,YW_WILTY_EP52_truth3,5:29,5:36
9vYm2nB7qX8,YW_WILTY_EP52_truth4,5:40,5:47
9vYm2nB7qX8,YW_WILTY_EP52_truth5,6:03,6:09
9vYm2nB7qX8,YW_WILTY_EP52_truth6,7,7:08
9vYm2nB7qX8,YW_WILTY_EP52_lie1,9:42,9:46
9vYm2nB7qX8,YW_WILTY_EP52_lie2,13:52,13:57
9vYm2nB7qX8,YW_WILTY_EP52_lie3,14:03,14:13
9vYm2nB7qX8,YW_WILTY_EP52_lie4,15:06,15:09
9vYm2nB7qX8,YW_WILTY_EP52_lie5,15:12,15:16
9vYm2nB7qX8,YW_WILTY_EP52_lie6,15:40,15:47
9vYm2nB7qX8,YW_WILTY_EP52_lie7,16:56,17:01
9vYm2nB7qX8,YW_WILTY_EP52_lie8,17:18,17:23
9vYm2nB7qX8,YW_WILTY_EP52_truth7,18:31,18:35
9vYm2nB7qX8,YW_WILTY_EP52_truth8,19:09,19:15
9vYm2nB7qX8,YW_WILTY_EP52_truth9,22:50,22:53
9vYm2nB7qX8,YW_WILTY_EP52_truth10,23:01,23:05
9vYm2nB7qX8,YW_WILTY_EP52_truth11,23:28,23:32
9vYm2nB7qX8,YW_WILTY_EP52_truth12,25:27,25:31
bOPYvXBO7bE,YW_WILTY_EP53_truth1,1:55,2:01
bOPYvXBO7bE,YW_WILTY_EP53_truth2,2:05,2:08
bOPYvXBO7bE,YW_WILTY_EP53_truth3,2:21,2:26
bOPYvXBO7bE,YW_WILTY_EP53_truth4,4:02,4:05
bOPYvXBO7bE,YW_WILTY_EP53_truth5,7:52,7:55
bOPYvXBO7bE,YW_WILTY_EP53_truth6,8:35,8:39
bOPYvXBO7bE,YW_WILTY_EP53_truth7,9:20,9:23
bOPYvXBO7bE,YW_WILTY_EP53_truth8,9:47,9:51
bOPYvXBO7bE,YW_WILTY_EP53_lie1,11:05,11:12
bOPYvXBO7bE,YW_WILTY_EP53_lie2,11:25,11:28
bOPYvXBO7bE,YW_WILTY_EP53_lie3,13:57,14:01
bOPYvXBO7bE,YW_WILTY_EP53_lie4,14:06,14:16
bOPYvXBO7bE,YW_WILTY_EP53_truth9,14:23,14:30
bOPYvXBO7bE,YW_WILTY_EP53_truth10,14:53,15:03
bOPYvXBO7bE,YW_WILTY_EP53_truth11,16:11,16:15
bOPYvXBO7bE,YW_WILTY_EP53_truth12,16:48,16:52
bOPYvXBO7bE,YW_WILTY_EP53_truth13,17:01,17:05
bOPYvXBO7bE,YW_WILTY_EP53_lie5,17:40,17:44
bOPYvXBO7bE,YW_WILTY_EP53_lie6,17:51,17:54
bOPYvXBO7bE,YW_WILTY_EP53_lie7,18:17,18:21
bOPYvXBO7bE,YW_WILTY_EP53_lie8,18:25,18:29
bOPYvXBO7bE,YW_WILTY_EP53_lie9,18:32,18:36
bOPYvXBO7bE,YW_WILTY_EP53_lie10,18:40,18:45
bOPYvXBO7bE,YW_WILTY_EP53_lie11,19:40,19:45
bOPYvXBO7bE,YW_WILTY_EP53_lie12,20:16,20:19
bOPYvXBO7bE,YW_WILTY_EP53_lie13,20:36,20:46
bOPYvXBO7bE,YW_WILTY_EP53_truth14,23:53,23:57
8DnDiHE1cqo,YW_WILTY_EP54_truth1,2:16,2:22
8DnDiHE1cqo,YW_WILTY_EP54_truth2,3:09,3:13
8DnDiHE1cqo,YW_WILTY_EP54_lie1,11,11:06
8DnDiHE1cqo,YW_WILTY_EP54_truth3,13:28,13:34
8DnDiHE1cqo,YW_WILTY_EP54_lie2,13:53,14
8DnDiHE1cqo,YW_WILTY_EP54_truth4,14:22,14:29
8DnDiHE1cqo,YW_WILTY_EP54_truth5,15,15:05
8DnDiHE1cqo,YW_WILTY_EP54_truth6,15:54,15:57
8DnDiHE1cqo,YW_WILTY_EP54_truth7,16:01,16:05
8DnDiHE1cqo,YW_WILTY_EP54_truth8,16:07,16:11
8DnDiHE1cqo,YW_WILTY_EP54_lie3,16:39,16:43
8DnDiHE1cqo,YW_WILTY_EP54_lie4,16:59,17:04
8DnDiHE1cqo,YW_WILTY_EP54_lie5,18:46,18:50
8DnDiHE1cqo,YW_WILTY_EP54_lie6,21:41,21:44
8DnDiHE1cqo,YW_WILTY_EP54_lie7,22:27,22:30
8DnDiHE1cqo,YW_WILTY_EP54_lie8,22:51,22:58
m5YR12v8bMA,YW_WILTY_EP55_lie1,2:22,2:32
m5YR12v8bMA,YW_WILTY_EP55_lie2,2:35,2:40
m5YR12v8bMA,YW_WILTY_EP55_lie3,3:06,3:10
m5YR12v8bMA,YW_WILTY_EP55_truth1,6:45,6:50
m5YR12v8bMA,YW_WILTY_EP55_truth2,8:04,8:10
m5YR12v8bMA,YW_WILTY_EP55_truth3,8:38,8:45
m5YR12v8bMA,YW_WILTY_EP55_truth4,10:27,10:30
m5YR12v8bMA,YW_WILTY_EP55_truth5,10:33,10:36
m5YR12v8bMA,YW_WILTY_EP55_lie4,10:39,10:49
m5YR12v8bMA,YW_WILTY_EP55_lie5,11:14,11:18
m5YR12v8bMA,YW_WILTY_EP55_truth6,11:37,11:41
m5YR12v8bMA,YW_WILTY_EP55_truth7,12:11,12:16
m5YR12v8bMA,YW_WILTY_EP55_truth8,12:17,12:21
m5YR12v8bMA,YW_WILTY_EP55_lie6,13:25,13:28
m5YR12v8bMA,YW_WILTY_EP55_lie7,13:46,13:50
m5YR12v8bMA,YW_WILTY_EP55_lie8,14:02,14:05
m5YR12v8bMA,YW_WILTY_EP55_lie9,15:32,15:39
m5YR12v8bMA,YW_WILTY_EP55_lie10,16:01,16:07
m5YR12v8bMA,YW_WILTY_EP55_lie11,16:21,16:30
m5YR12v8bMA,YW_WILTY_EP55_lie12,16:39,16:46
m5YR12v8bMA,YW_WILTY_EP55_lie13,20:18,20:22
m5YR12v8bMA,YW_WILTY_EP55_lie14,20:25,20:29
m5YR12v8bMA,YW_WILTY_EP55_lie15,20:55,21:02
m5YR12v8bMA,YW_WILTY_EP55_lie16,21:46,21:54
vgwUFePSlXI,YW_WILTY_EP56_lie1,2:26,2:30
vgwUFePSlXI,YW_WILTY_EP56_lie2,2:50,2:57
vgwUFePSlXI,YW_WILTY_EP56_lie3,5:57,6:01
vgwUFePSlXI,YW_WILTY_EP56_lie4,6:26,6:29
vgwUFePSlXI,YW_WILTY_EP56_lie5,6:42,6:48
vgwUFePSlXI,YW_WILTY_EP56_lie6,10:40,10:44
vgwUFePSlXI,YW_WILTY_EP56_lie7,10:52,10:55
vgwUFePSlXI,YW_WILTY_EP56_lie8,11:24,11:28
vgwUFePSlXI,YW_WILTY_EP56_lie9,11:49,11:52
vgwUFePSlXI,YW_WILTY_EP56_lie10,12:04,12:08
vgwUFePSlXI,YW_WILTY_EP56_lie11,12:12,12:20
vgwUFePSlXI,YW_WILTY_EP56_lie12,13:49,13:53
vgwUFePSlXI,YW_WILTY_EP56_lie13,15:21,15:27
vgwUFePSlXI,YW_WILTY_EP56_lie14,17:06,17:11
vgwUFePSlXI,YW_WILTY_EP56_lie15,17:54,18:01
vgwUFePSlXI,YW_WILTY_EP56_truth1,21:06,21:09
vgwUFePSlXI,YW_WILTY_EP56_truth2,21:51,21:58
vgwUFePSlXI,YW_WILTY_EP56_truth3,22:02,22:05
vgwUFePSlXI,YW_WILTY_EP56_truth4,22:13,22:18
vgwUFePSlXI,YW_WILTY_EP56_truth5,22:21,22:25
vgwUFePSlXI,YW_WILTY_EP56_truth6,22:41,22:44
vgwUFePSlXI,YW_WILTY_EP56_lie16,23:52,23:56
vgwUFePSlXI,YW_WILTY_EP56_lie17,24:24,24:28
vgwUFePSlXI,YW_WILTY_EP56_lie18,24:38,24:48
vgwUFePSlXI,YW_WILTY_EP56_lie19,24:51,24:58
mkcL-pW0MYk,SB_WILTY_EP29_lie1,1:27,1:31
mkcL-pW0MYk,SB_WILTY_EP29_lie2,1:36,1:43
mkcL-pW0MYk,SB_WILTY_EP29_lie3,1:49,1:54
mkcL-pW0MYk,SB_WILTY_EP29_lie4,2:01,2:05
mkcL-pW0MYk,SB_WILTY_EP29_lie5,2:12,2:16
mkcL-pW0MYk,SB_WILTY_EP29_lie6,2:20,2:24
mkcL-pW0MYk,SB_WILTY_EP29_lie7,3:12,3:16
mkcL-pW0MYk,SB_WILTY_EP29_truth1,3:41,3:48
mkcL-pW0MYk,SB_WILTY_EP29_truth2,3:54,4:01
mkcL-pW0MYk,SB_WILTY_EP29_truth3,4:45,4:51
mkcL-pW0MYk,SB_WILTY_EP29_lie8,5:07,5:16
mkcL-pW0MYk,SB_WILTY_EP29_lie9,5:21,5:26
mkcL-pW0MYk,SB_WILTY_EP29_truth4,8:16,8:24
mkcL-pW0MYk,SB_WILTY_EP29_truth5,8:29,8:33
mkcL-pW0MYk,SB_WILTY_EP29_truth6,8:53,8:57
mkcL-pW0MYk,SB_WILTY_EP29_truth7,9:15,9:20
mkcL-pW0MYk,SB_WILTY_EP29_lie10,11:43,11:49
X9LG_kwG9uQ,SB_WILTY_EP30_lie1,1:39,1:47
X9LG_kwG9uQ,SB_WILTY_EP30_lie2,1:56,2:01
X9LG_kwG9uQ,SB_WILTY_EP30_lie3,2:03,2:11
X9LG_kwG9uQ,SB_WILTY_EP30_lie4,2:54,3:05
X9LG_kwG9uQ,SB_WILTY_EP30_truth1,4:28,4:34
X9LG_kwG9uQ,SB_WILTY_EP30_truth2,4:48,4:53
X9LG_kwG9uQ,SB_WILTY_EP30_truth3,4:57,5:01
X9LG_kwG9uQ,SB_WILTY_EP30_truth4,5:10,5:15
X9LG_kwG9uQ,SB_WILTY_EP30_truth5,5:45,5:50
X9LG_kwG9uQ,SB_WILTY_EP30_truth6,5:52,5:56
X9LG_kwG9uQ,SB_WILTY_EP30_truth7,6:05,6:10
X9LG_kwG9uQ,SB_WILTY_EP30_truth8,6:12,6:16
X9LG_kwG9uQ,SB_WILTY_EP30_truth9,6:18,6:22
X9LG_kwG9uQ,SB_WILTY_EP30_lie5,7:49,7:58
X9LG_kwG9uQ,SB_WILTY_EP30_lie6,8:04,8:08
X9LG_kwG9uQ,SB_WILTY_EP30_lie7,8:12,8:22
X9LG_kwG9uQ,SB_WILTY_EP30_lie8,8:45,8:53
X9LG_kwG9uQ,SB_WILTY_EP30_lie9,9:34,9:38
X9LG_kwG9uQ,SB_WILTY_EP30_lie10,15:11,15:15
X9LG_kwG9uQ,SB_WILTY_EP30_lie11,15:27,15:31
X9LG_kwG9uQ,SB_WILTY_EP30_lie12,15:44,15:51
X9LG_kwG9uQ,SB_WILTY_EP30_lie13,16:04,16:08
X9LG_kwG9uQ,SB_WILTY_EP30_lie14,17:11,17:16
X9LG_kwG9uQ,SB_WILTY_EP30_lie15,17:43,17:47
X9LG_kwG9uQ,SB_WILTY_EP30_lie16,17:51,17:56
X9LG_kwG9uQ,SB_WILTY_EP30_lie17,18:07,18:13
X9LG_kwG9uQ,SB_WILTY_EP30_truth10,18:42,18:46
X9LG_kwG9uQ,SB_WILTY_EP30_truth11,18:48,18:52
X9LG_kwG9uQ,SB_WILTY_EP30_truth12,19:01,19:06
X9LG_kwG9uQ,SB_WILTY_EP30_truth13,19:10,19:15
X9LG_kwG9uQ,SB_WILTY_EP30_truth14,20:44,20:48
X9LG_kwG9uQ,SB_WILTY_EP30_truth15,21:08,21:12
X9LG_kwG9uQ,SB_WILTY_EP30_truth16,21:15,21:19
X9LG_kwG9uQ,SB_WILTY_EP30_lie18,23:02,23:11
X9LG_kwG9uQ,SB_WILTY_EP30_lie19,23:20,23:24
X9LG_kwG9uQ,SB_WILTY_EP30_lie20,23:44,23:57
X9LG_kwG9uQ,SB_WILTY_EP30_lie21,24:44,24:49
X9LG_kwG9uQ,SB_WILTY_EP30_lie22,24:52,24:58
X9LG_kwG9uQ,SB_WILTY_EP30_lie23,25:28,25:33
X9LG_kwG9uQ,SB_WILTY_EP30_lie24,25:36,25:40
X9LG_kwG9uQ,SB_WILTY_EP30_lie25,25:56,26:00
X9LG_kwG9uQ,SB_WILTY_EP30_lie26,26:38,26:42
X9LG_kwG9uQ,SB_WILTY_EP30_lie27,26:45,26:51
8oe8NUESnpA,SB_WILTY_EP31_lie1,1:43,1:50
8oe8NUESnpA,SB_WILTY_EP31_lie2,1:59,2:07
8oe8NUESnpA,SB_WILTY_EP31_lie3,2:09,2:15
8oe8NUESnpA,SB_WILTY_EP31_lie4,2:47,2:52
8oe8NUESnpA,SB_WILTY_EP31_truth1,4:39,4:48
8oe8NUESnpA,SB_WILTY_EP31_truth2,5:05,5:12
8oe8NUESnpA,SB_WILTY_EP31_truth3,5:20,5:24
8oe8NUESnpA,SB_WILTY_EP31_truth4,5:37,5:46
8oe8NUESnpA,SB_WILTY_EP31_truth5,7:17,7:24
8oe8NUESnpA,SB_WILTY_EP31_truth6,8:38,8:44
8oe8NUESnpA,SB_WILTY_EP31_truth7,10:36,10:44
8oe8NUESnpA,SB_WILTY_EP31_lie5,13:01,13:08
8oe8NUESnpA,SB_WILTY_EP31_truth8,13:15,13:22
8oe8NUESnpA,SB_WILTY_EP31_lie6,13:31,13:40
8oe8NUESnpA,SB_WILTY_EP31_lie7,13:55,14:01
Ipb8dXlJqO4,SB_WILTY_EP32_lie1,0:03,0:08
Ipb8dXlJqO4,SB_WILTY_EP32_lie2,0:19,0:24
Ipb8dXlJqO4,SB_WILTY_EP32_lie3,0:29,0:34
Ipb8dXlJqO4,SB_WILTY_EP32_lie4,0:48,0:52
Ipb8dXlJqO4,SB_WILTY_EP32_lie5,1:05,1:10
Ipb8dXlJqO4,SB_WILTY_EP32_truth1,1:29,1:33
Ipb8dXlJqO4,SB_WILTY_EP32_truth2,2:04,2:11
Ipb8dXlJqO4,SB_WILTY_EP32_truth3,2:15,2:24
Ipb8dXlJqO4,SB_WILTY_EP32_lie6,2:50,2:55
Ipb8dXlJqO4,SB_WILTY_EP32_lie7,3:19,3:26
Ipb8dXlJqO4,SB_WILTY_EP32_lie8,7:05,7:09
Ipb8dXlJqO4,SB_WILTY_EP32_lie9,7:17,7:22
Ipb8dXlJqO4,SB_WILTY_EP32_lie10,7:27,7:34
Ipb8dXlJqO4,SB_WILTY_EP32_lie11,7:47,7:51
Ipb8dXlJqO4,SB_WILTY_EP32_lie12,8:20,8:26
Ipb8dXlJqO4,SB_WILTY_EP32_lie13,8:48,8:55
Ipb8dXlJqO4,SB_WILTY_EP32_lie14,9:34,9:40
Ipb8dXlJqO4,SB_WILTY_EP32_lie15,11:12,11:21
Ipb8dXlJqO4,SB_WILTY_EP32_lie16,12:33,12:37
Ipb8dXlJqO4,SB_WILTY_EP32_lie17,12:47,12:51
fWWJWsjclaQ,SB_WILTY_EP33_lie1,1:48,1:59
fWWJWsjclaQ,SB_WILTY_EP33_lie2,2:25,2:32
fWWJWsjclaQ,SB_WILTY_EP33_lie3,5:37,5:43
fWWJWsjclaQ,SB_WILTY_EP33_lie4,7:09,7:15
fWWJWsjclaQ,SB_WILTY_EP33_lie5,7:24,7:38
fWWJWsjclaQ,SB_WILTY_EP33_truth1,11:29,11:36
fWWJWsjclaQ,SB_WILTY_EP33_truth2,11:40,11:44
fWWJWsjclaQ,SB_WILTY_EP33_truth3,11:49,11:55
fWWJWsjclaQ,SB_WILTY_EP33_truth4,12:06,12:10
fWWJWsjclaQ,SB_WILTY_EP33_truth5,12:39,12:43
fWWJWsjclaQ,SB_WILTY_EP33_truth6,13:13,13:17
YoegsEq9se0,SB_WILTY_EP34_lie1,0:43,0:51
YoegsEq9se0,SB_WILTY_EP34_lie2,1:14,1:21
YoegsEq9se0,SB_WILTY_EP34_lie3,1:31,1:35
YoegsEq9se0,SB_WILTY_EP34_lie4,2:11,2:17
YoegsEq9se0,SB_WILTY_EP34_lie5,2:26,2:30
YoegsEq9se0,SB_WILTY_EP34_lie6,3:15,3:20
YoegsEq9se0,SB_WILTY_EP34_lie7,3:44,3:49
YoegsEq9se0,SB_WILTY_EP34_lie8,3:56,4:15
YoegsEq9se0,SB_WILTY_EP34_lie9,4:35,4:44
YoegsEq9se0,SB_WILTY_EP34_lie10,4:47,4:51
YoegsEq9se0,SB_WILTY_EP34_truth1,5:35,5:45
YoegsEq9se0,SB_WILTY_EP34_truth2,6:03,6:11
YoegsEq9se0,SB_WILTY_EP34_lie11,9:41,9:45
YoegsEq9se0,SB_WILTY_EP34_lie12,9:52,9:56
YoegsEq9se0,SB_WILTY_EP34_truth3,11:06,11:14
YoegsEq9se0,SB_WILTY_EP34_truth4,12:30,12:35
YoegsEq9se0,SB_WILTY_EP34_truth5,12:48,12:59
hS8BsP3sRf4,SB_WILTY_EP35_truth1,1:58,2:02
hS8BsP3sRf4,SB_WILTY_EP35_truth2,2:14,2:18
hS8BsP3sRf4,SB_WILTY_EP35_truth3,2:22,2:26
hS8BsP3sRf4,SB_WILTY_EP35_truth4,3:20,3:24
hS8BsP3sRf4,SB_WILTY_EP35_lie1,5:32,5:39
hS8BsP3sRf4,SB_WILTY_EP35_lie2,5:44,5:49
hS8BsP3sRf4,SB_WILTY_EP35_lie3,6:24,6:29
hS8BsP3sRf4,SB_WILTY_EP35_lie4,7:12,7:17
hS8BsP3sRf4,SB_WILTY_EP35_truth5,8:39,8:43
hS8BsP3sRf4,SB_WILTY_EP35_truth6,8:53,8:58
hS8BsP3sRf4,SB_WILTY_EP35_truth7,9:01,9:08
hS8BsP3sRf4,SB_WILTY_EP35_truth8,9:25,9:31
hS8BsP3sRf4,SB_WILTY_EP35_truth9,9:37,9:46
hS8BsP3sRf4,SB_WILTY_EP35_truth10,9:48,9:56
hS8BsP3sRf4,SB_WILTY_EP35_truth11,10:58,11:04
hS8BsP3sRf4,SB_WILTY_EP35_lie5,11:47,11:52
hS8BsP3sRf4,SB_WILTY_EP35_lie6,12:05,12:09
hS8BsP3sRf4,SB_WILTY_EP35_lie7,12:12,12:16
hS8BsP3sRf4,SB_WILTY_EP35_lie8,12:52,12:57
OfRZO8-H-Sg,SB_WILTY_EP36_lie1,0:26,0:34
OfRZO8-H-Sg,SB_WILTY_EP36_truth1,0:40,0:45
OfRZO8-H-Sg,SB_WILTY_EP36_lie2,0:49,0:55
OfRZO8-H-Sg,SB_WILTY_EP36_lie3,1:06,1:14
OfRZO8-H-Sg,SB_WILTY_EP36_lie4,1:22,1:28
OfRZO8-H-Sg,SB_WILTY_EP36_lie5,1:48,1:52
OfRZO8-H-Sg,SB_WILTY_EP36_truth2,2:43,2:52
OfRZO8-H-Sg,SB_WILTY_EP36_lie6,3:55,4:03
OfRZO8-H-Sg,SB_WILTY_EP36_lie7,4:15,4:19
OfRZO8-H-Sg,SB_WILTY_EP36_lie8,5:03,5:11
OfRZO8-H-Sg,SB_WILTY_EP36_lie9,5:18,5:22
OfRZO8-H-Sg,SB_WILTY_EP36_truth3,7:23,7:30
OfRZO8-H-Sg,SB_WILTY_EP36_truth4,7:43,7:53
OfRZO8-H-Sg,SB_WILTY_EP36_truth5,8:35,8:40
OfRZO8-H-Sg,SB_WILTY_EP36_truth6,8:42,8:48
loPuU_k3FT0,SB_WILTY_EP37_lie1,1:41,1:48
loPuU_k3FT0,SB_WILTY_EP37_lie2,2:07,2:12
loPuU_k3FT0,SB_WILTY_EP37_lie3,3:05,3:11
loPuU_k3FT0,SB_WILTY_EP37_lie4,3:15,3:21
loPuU_k3FT0,SB_WILTY_EP37_lie5,3:36,3:41
loPuU_k3FT0,SB_WILTY_EP37_lie6,3:43,3:50
loPuU_k3FT0,SB_WILTY_EP37_truth1,4:59,5:03
loPuU_k3FT0,SB_WILTY_EP37_truth2,5:06,5:13
loPuU_k3FT0,SB_WILTY_EP37_truth3,5:21,5:25
loPuU_k3FT0,SB_WILTY_EP37_truth4,5:34,5:42
loPuU_k3FT0,SB_WILTY_EP37_truth5,5:57,6:01
loPuU_k3FT0,SB_WILTY_EP37_truth6,6:16,6:20
loPuU_k3FT0,SB_WILTY_EP37_truth7,8:11,8:15
loPuU_k3FT0,SB_WILTY_EP37_truth8,9:41,9:46
loPuU_k3FT0,SB_WILTY_EP37_truth9,10:02,10:10
loPuU_k3FT0,SB_WILTY_EP37_truth10,10:17,10:21
loPuU_k3FT0,SB_WILTY_EP37_truth11,10:27,10:34
loPuU_k3FT0,SB_WILTY_EP37_truth12,10:36,10:43
loPuU_k3FT0,SB_WILTY_EP37_truth13,11:06,11:18
loPuU_k3FT0,SB_WILTY_EP37_truth14,12:39,12:47
loPuU_k3FT0,SB_WILTY_EP37_lie7,12:51,12:58
loPuU_k3FT0,SB_WILTY_EP37_lie8,13:07,13:11
NY3AyfzPJ1s,SB_WILTY_EP38_lie1,0:33,0:40
NY3AyfzPJ1s,SB_WILTY_EP38_lie2,1:27,1:32
NY3AyfzPJ1s,SB_WILTY_EP38_truth1,2:19,2:24
NY3AyfzPJ1s,SB_WILTY_EP38_truth2,3:33,3:40
NY3AyfzPJ1s,SB_WILTY_EP38_truth3,6:45,6:59
NY3AyfzPJ1s,SB_WILTY_EP38_lie3,8:59,9:03
NY3AyfzPJ1s,SB_WILTY_EP38_lie4,9:10,9:22
NY3AyfzPJ1s,SB_WILTY_EP38_lie5,10:31,10:42
NY3AyfzPJ1s,SB_WILTY_EP38_lie6,11:42,11:48
HpM8HbO6KVQ,SB_WILTY_EP39_lie1,1:12,1:19
HpM8HbO6KVQ,SB_WILTY_EP39_lie2,1:49,1:55
HpM8HbO6KVQ,SB_WILTY_EP39_lie3,2:09,2:15
HpM8HbO6KVQ,SB_WILTY_EP39_lie4,2:17,2:21
HpM8HbO6KVQ,SB_WILTY_EP39_lie5,2:39,2:44
HpM8HbO6KVQ,SB_WILTY_EP39_lie6,2:57,3:01
HpM8HbO6KVQ,SB_WILTY_EP39_lie7,3:25,3:29
HpM8HbO6KVQ,SB_WILTY_EP39_truth1,5:45,5:50
HpM8HbO6KVQ,SB_WILTY_EP39_truth2,6:06,6:14
HpM8HbO6KVQ,SB_WILTY_EP39_truth3,6:16,6:21
HpM8HbO6KVQ,SB_WILTY_EP39_truth4,6:56,7:02
HpM8HbO6KVQ,SB_WILTY_EP39_truth5,7:04,7:09
7aahLFGgU4s,SB_WILTY_EP40_lie1,0:17,0:24
7aahLFGgU4s,SB_WILTY_EP40_lie2,0:46,0:54
7aahLFGgU4s,SB_WILTY_EP40_lie3,0:56,1
7aahLFGgU4s,SB_WILTY_EP40_lie4,1:23,1:36
7aahLFGgU4s,SB_WILTY_EP40_truth1,2:36,2:43
7aahLFGgU4s,SB_WILTY_EP40_truth2,2:54,3:03
7aahLFGgU4s,SB_WILTY_EP40_truth3,3:11,3:20
7aahLFGgU4s,SB_WILTY_EP40_lie5,6:25,6:29
7aahLFGgU4s,SB_WILTY_EP40_lie6,6:47,6:54
7aahLFGgU4s,SB_WILTY_EP40_lie7,7:05,7:09
7aahLFGgU4s,SB_WILTY_EP40_lie8,8:09,8:18
7aahLFGgU4s,SB_WILTY_EP40_lie9,8:33,8:39
7aahLFGgU4s,SB_WILTY_EP40_lie10,9:43,9:50
7aahLFGgU4s,SB_WILTY_EP40_lie11,10:33,10:37
paKvWxTNl_w,SB_WILTY_EP41_lie1,1:53,1:57
paKvWxTNl_w,SB_WILTY_EP41_lie2,3:02,3:07
paKvWxTNl_w,SB_WILTY_EP41_lie3,3:44,3:52
paKvWxTNl_w,SB_WILTY_EP41_lie4,3:55,4:02
paKvWxTNl_w,SB_WILTY_EP41_truth1,5:45,5:54
paKvWxTNl_w,SB_WILTY_EP41_truth2,7:07,7:11
paKvWxTNl_w,SB_WILTY_EP41_truth3,11:03,11:10
paKvWxTNl_w,SB_WILTY_EP41_lie5,11:16,11:24
paKvWxTNl_w,SB_WILTY_EP41_lie6,11:33,11:38
paKvWxTNl_w,SB_WILTY_EP41_truth4,11:59,12:06
paKvWxTNl_w,SB_WILTY_EP41_truth5,13:29,13:33
paKvWxTNl_w,SB_WILTY_EP41_lie7,14:16,14:22
paKvWxTNl_w,SB_WILTY_EP41_lie8,14:49,14:55
paKvWxTNl_w,SB_WILTY_EP41_lie9,15:26,15:32
paKvWxTNl_w,SB_WILTY_EP41_lie10,15:59,16:03
paKvWxTNl_w,SB_WILTY_EP41_lie11,16:21,16:31
paKvWxTNl_w,SB_WILTY_EP41_lie12,17:01,17:09
paKvWxTNl_w,SB_WILTY_EP41_lie13,19:29,19:33
paKvWxTNl_w,SB_WILTY_EP41_lie14,20:54,20:59
paKvWxTNl_w,SB_WILTY_EP41_lie15,22:15,22:23
WY76L0DtaIU,SB_WILTY_EP42_truth1,1:38,1:46
WY76L0DtaIU,SB_WILTY_EP42_truth2,2:13,2:17
WY76L0DtaIU,SB_WILTY_EP42_truth3,2:21,2:28
WY76L0DtaIU,SB_WILTY_EP42_lie1,4:31,4:38
WY76L0DtaIU,SB_WILTY_EP42_lie2,4:57,5:04
WY76L0DtaIU,SB_WILTY_EP42_lie3,6:27,6:31
WY76L0DtaIU,SB_WILTY_EP42_truth4,7:28,7:32
WY76L0DtaIU,SB_WILTY_EP42_truth5,7:40,7:45
WY76L0DtaIU,SB_WILTY_EP42_truth6,7:56,8
WY76L0DtaIU,SB_WILTY_EP42_truth7,8:03,8:07
WY76L0DtaIU,SB_WILTY_EP42_truth8,8:32,8:37
WY76L0DtaIU,SB_WILTY_EP42_truth9,8:42,8:48
WY76L0DtaIU,SB_WILTY_EP42_truth10,9:19,9:23
WY76L0DtaIU,SB_WILTY_EP42_truth11,9:58,10:02
WY76L0DtaIU,SB_WILTY_EP42_truth12,12:18,12:26
WY76L0DtaIU,SB_WILTY_EP42_lie4,12:33,12:40
WY76L0DtaIU,SB_WILTY_EP42_lie5,12:47,12:55
WY76L0DtaIU,SB_WILTY_EP42_lie6,13:22,13:31
WY76L0DtaIU,SB_WILTY_EP42_lie7,13:36,13:40
WY76L0DtaIU,SB_WILTY_EP42_lie8,13:43,13:48
WY76L0DtaIU,SB_WILTY_EP42_truth13,15:44,15:48
WY76L0DtaIU,SB_WILTY_EP42_truth14,16:18,16:30
WY76L0DtaIU,SB_WILTY_EP42_lie9,17:14,17:25
WY76L0DtaIU,SB_WILTY_EP42_lie10,18:17,18:25
WY76L0DtaIU,SB_WILTY_EP42_truth15,21:03,21:09
WY76L0DtaIU,SB_WILTY_EP42_truth16,21:41,21:45
WY76L0DtaIU,SB_WILTY_EP42_truth17,22:13,22:17
WY76L0DtaIU,SB_WILTY_EP42_truth18,22:32,22:37
WY76L0DtaIU,SB_WILTY_EP42_lie11,23:27,23:35
WY76L0DtaIU,SB_WILTY_EP42_lie12,23:57,24:06
WY76L0DtaIU,SB_WILTY_EP42_lie13,24:09,24:13
WY76L0DtaIU,SB_WILTY_EP42_lie14,24:17,24:21
WY76L0DtaIU,SB_WILTY_EP42_lie15,25:23,25:39
WY76L0DtaIU,SB_WILTY_EP42_lie16,25:52,25:56
WY76L0DtaIU,SB_WILTY_EP42_lie17,25:59,26:03
WY76L0DtaIU,SB_WILTY_EP42_lie18,26:36,26:41
WY76L0DtaIU,SB_WILTY_EP42_lie19,27:02,27:06
d4QYhPWCC4M,LS_WILTY_EP1_truth1,1:48,1:53
d4QYhPWCC4M,LS_WILTY_EP1_truth2,2:31,2:34
d4QYhPWCC4M,LS_WILTY_EP1_truth3,4:14,4:19
d4QYhPWCC4M,LS_WILTY_EP1_truth4,4:33,4:36
d4QYhPWCC4M,LS_WILTY_EP1_truth5,5:46,5:51
d4QYhPWCC4M,LS_WILTY_EP1_lie1,6:39,6:43
d4QYhPWCC4M,LS_WILTY_EP1_lie2,7:16,7:21
d4QYhPWCC4M,LS_WILTY_EP1_lie3,7:23,7:28
d4QYhPWCC4M,LS_WILTY_EP1_lie4,14:06,14:10
d4QYhPWCC4M,LS_WILTY_EP1_lie5,14:26,14:32
d4QYhPWCC4M,LS_WILTY_EP1_lie6,15:44,15:51
d4QYhPWCC4M,LS_WILTY_EP1_lie7,16:38,16:43
d4QYhPWCC4M,LS_WILTY_EP1_lie8,19:08,19:18
d4QYhPWCC4M,LS_WILTY_EP1_truth6,23:07,23:14
d4QYhPWCC4M,LS_WILTY_EP1_truth7,23:33,23:38
d4QYhPWCC4M,LS_WILTY_EP1_lie9,24:30,24:34
d4QYhPWCC4M,LS_WILTY_EP1_truth8,25:55,25:58
ql3yoGIBlOw,LS_WILTY_EP2_truth1,2:03,2:08
ql3yoGIBlOw,LS_WILTY_EP2_lie1,6:30,6:34
ql3yoGIBlOw,LS_WILTY_EP2_lie2,6:47,6:51
ql3yoGIBlOw,LS_WILTY_EP2_lie3,14:28,14:32
ql3yoGIBlOw,LS_WILTY_EP2_truth2,14:39,14:44
ql3yoGIBlOw,LS_WILTY_EP2_lie4,14:52,14:56
ql3yoGIBlOw,LS_WILTY_EP2_lie5,15:24,15:28
ql3yoGIBlOw,LS_WILTY_EP2_lie6,16:25,16:33
ql3yoGIBlOw,LS_WILTY_EP2_truth3,17:30,17:34
ql3yoGIBlOw,LS_WILTY_EP2_truth4,17:45,17:48
ql3yoGIBlOw,LS_WILTY_EP2_lie7,21:09,21:19
ql3yoGIBlOw,LS_WILTY_EP2_truth5,23:38,23:43
ql3yoGIBlOw,LS_WILTY_EP2_truth6,23:56,24:00
ql3yoGIBlOw,LS_WILTY_EP2_truth7,24:03,24:10
ql3yoGIBlOw,LS_WILTY_EP2_truth8,24:12,24:16
ql3yoGIBlOw,LS_WILTY_EP2_lie8,25:03,25:08
ql3yoGIBlOw,LS_WILTY_EP2_lie9,25:14,25:20
ql3yoGIBlOw,LS_WILTY_EP2_lie10,26:29,26:34
ql3yoGIBlOw,LS_WILTY_EP2_lie11,26:40,26:45
x1aSCd2T13o,LS_WILTY_EP3_truth1,2:30,2:34
x1aSCd2T13o,LS_WILTY_EP3_truth2,4:15,4:21
x1aSCd2T13o,LS_WILTY_EP3_truth3,4:26,4:30
x1aSCd2T13o,LS_WILTY_EP3_truth4,4:32,4:37
x1aSCd2T13o,LS_WILTY_EP3_truth5,5,5:05
x1aSCd2T13o,LS_WILTY_EP3_truth6,5:23,5:31
x1aSCd2T13o,LS_WILTY_EP3_lie1,6:44,6:48
x1aSCd2T13o,LS_WILTY_EP3_lie2,6:59,7:02
x1aSCd2T13o,LS_WILTY_EP3_lie3,7:10,7:15
x1aSCd2T13o,LS_WILTY_EP3_lie4,7:41,7:45
x1aSCd2T13o,LS_WILTY_EP3_lie5,16:15,16:23
x1aSCd2T13o,LS_WILTY_EP3_lie6,19:11,19:15
x1aSCd2T13o,LS_WILTY_EP3_lie7,20:29,20:34
x1aSCd2T13o,LS_WILTY_EP3_truth7,20:58,21:01
x1aSCd2T13o,LS_WILTY_EP3_lie8,22:30,22:37
x1aSCd2T13o,LS_WILTY_EP3_lie9,22:47,22:52
x1aSCd2T13o,LS_WILTY_EP3_lie10,23:03,23:07
x1aSCd2T13o,LS_WILTY_EP3_lie11,24:55,25:00
x1aSCd2T13o,LS_WILTY_EP3_lie12,25:15,25:21
x1aSCd2T13o,LS_WILTY_EP3_lie13,25:23,25:29
x1aSCd2T13o,LS_WILTY_EP3_lie14,26:16,26:24
tEYiXt-gw-g,LS_WILTY_EP4_lie1,1:59,2:04
tEYiXt-gw-g,LS_WILTY_EP4_lie2,2:53,2:58
tEYiXt-gw-g,LS_WILTY_EP4_lie3,4:15,4:19
tEYiXt-gw-g,LS_WILTY_EP4_truth1,6:11,6:16
tEYiXt-gw-g,LS_WILTY_EP4_truth2,7:44,7:53
tEYiXt-gw-g,LS_WILTY_EP4_truth3,12:32,12:37
tEYiXt-gw-g,LS_WILTY_EP4_lie4,12:40,12:46
tEYiXt-gw-g,LS_WILTY_EP4_lie5,13:01,13:05
tEYiXt-gw-g,LS_WILTY_EP4_lie6,13:17,13:22
tEYiXt-gw-g,LS_WILTY_EP4_lie7,14:14,14:20
tEYiXt-gw-g,LS_WILTY_EP4_lie8,14:28,14:33
tEYiXt-gw-g,LS_WILTY_EP4_lie9,14:36,14:41
tEYiXt-gw-g,LS_WILTY_EP4_truth4,14:54,14:57
tEYiXt-gw-g,LS_WILTY_EP4_truth5,15:18,15:21
tEYiXt-gw-g,LS_WILTY_EP4_truth6,18:18,18:26
tEYiXt-gw-g,LS_WILTY_EP4_truth7,21,21:03
tEYiXt-gw-g,LS_WILTY_EP4_truth8,21:30,21:33
tEYiXt-gw-g,LS_WILTY_EP4_truth9,21:35,21:39
tEYiXt-gw-g,LS_WILTY_EP4_truth10,22:22,22:29
tEYiXt-gw-g,LS_WILTY_EP4_truth11,22:49,22:53
tEYiXt-gw-g,LS_WILTY_EP4_lie10,23:42,23:48
tEYiXt-gw-g,LS_WILTY_EP4_lie11,23:54,23:58
tEYiXt-gw-g,LS_WILTY_EP4_lie12,24:02,24:07
tEYiXt-gw-g,LS_WILTY_EP4_lie13,24:16,24:20
tEYiXt-gw-g,LS_WILTY_EP4_lie14,24:30,24:34
tEYiXt-gw-g,LS_WILTY_EP4_lie15,24:56,25:01
tEYiXt-gw-g,LS_WILTY_EP4_lie16,26:54,27:00
n4O2BqU4Gug,LS_WILTY_EP5_truth1,2:20,2:25
n4O2BqU4Gug,LS_WILTY_EP5_truth2,2:54,2:58
n4O2BqU4Gug,LS_WILTY_EP5_truth3,3:04,3:07
n4O2BqU4Gug,LS_WILTY_EP5_truth4,3:38,3:42
n4O2BqU4Gug,LS_WILTY_EP5_truth5,4:22,4:26
n4O2BqU4Gug,LS_WILTY_EP5_truth6,4:43,4:47
n4O2BqU4Gug,LS_WILTY_EP5_truth7,4:48,4:53
n4O2BqU4Gug,LS_WILTY_EP5_truth8,4:57,5:02
n4O2BqU4Gug,LS_WILTY_EP5_lie1,6:15,6:18
n4O2BqU4Gug,LS_WILTY_EP5_lie2,6:48,6:54
n4O2BqU4Gug,LS_WILTY_EP5_lie3,7:12,7:17
n4O2BqU4Gug,LS_WILTY_EP5_lie4,9:04,9:08
n4O2BqU4Gug,LS_WILTY_EP5_lie5,12:16,12:20
n4O2BqU4Gug,LS_WILTY_EP5_truth9,12:58,13:03
n4O2BqU4Gug,LS_WILTY_EP5_lie6,19:03,19:08
n4O2BqU4Gug,LS_WILTY_EP5_truth10,21:57,22:05
n4O2BqU4Gug,LS_WILTY_EP5_truth11,23:42,23:46
n4O2BqU4Gug,LS_WILTY_EP5_truth12,24:38,24:42
n4O2BqU4Gug,LS_WILTY_EP5_truth13,24:50,24:53
n4O2BqU4Gug,LS_WILTY_EP5_lie7,25:30,25:34
n4O2BqU4Gug,LS_WILTY_EP5_truth14,26:33,26:37
n4O2BqU4Gug,LS_WILTY_EP5_lie8,27:32,27:35
Svljl0kN2HE,LS_WILTY_EP6_truth1,2:02,2:05
Svljl0kN2HE,LS_WILTY_EP6_truth2,2:12,2:17
Svljl0kN2HE,LS_WILTY_EP6_truth3,2:48,2:51
Svljl0kN2HE,LS_WILTY_EP6_truth4,2:58,3:04
Svljl0kN2HE,LS_WILTY_EP6_truth5,3:11,3:16
Svljl0kN2HE,LS_WILTY_EP6_lie1,4:39,4:44
Svljl0kN2HE,LS_WILTY_EP6_lie2,12:07,12:11
Svljl0kN2HE,LS_WILTY_EP6_lie3,12:13,12:17
Svljl0kN2HE,LS_WILTY_EP6_truth6,12:25,12:29
Svljl0kN2HE,LS_WILTY_EP6_lie4,12:42,12:46
Svljl0kN2HE,LS_WILTY_EP6_lie5,13:01,13:05
Svljl0kN2HE,LS_WILTY_EP6_truth7,18:41,18:49
Svljl0kN2HE,LS_WILTY_EP6_truth8,18:57,19:02
Svljl0kN2HE,LS_WILTY_EP6_lie6,22:26,22:32
Svljl0kN2HE,LS_WILTY_EP6_lie7,23:58,24:03
Svljl0kN2HE,LS_WILTY_EP6_truth9,26:17,26:20
Svljl0kN2HE,LS_WILTY_EP6_truth10,26:26,26:33
Svljl0kN2HE,LS_WILTY_EP6_truth11,26:59,27:02
E8DlNckBUFQ,LS_WILTY_EP7_truth1,1:54,1:58
E8DlNckBUFQ,LS_WILTY_EP7_truth2,2:35,2:38
E8DlNckBUFQ,LS_WILTY_EP7_lie1,3:57,4:01
E8DlNckBUFQ,LS_WILTY_EP7_lie2,4:02,4:05
E8DlNckBUFQ,LS_WILTY_EP7_lie3,4:59,5:04
E8DlNckBUFQ,LS_WILTY_EP7_lie4,6:53,6:57
E8DlNckBUFQ,LS_WILTY_EP7_lie5,7:15,7:20
E8DlNckBUFQ,LS_WILTY_EP7_lie6,7:58,8:02
E8DlNckBUFQ,LS_WILTY_EP7_lie7,15:51,15:58
E8DlNckBUFQ,LS_WILTY_EP7_truth3,16:03,16:09
E8DlNckBUFQ,LS_WILTY_EP7_lie8,16:13,16:19
E8DlNckBUFQ,LS_WILTY_EP7_truth4,16:30,16:33
E8DlNckBUFQ,LS_WILTY_EP7_truth5,16:37,16:41
E8DlNckBUFQ,LS_WILTY_EP7_lie9,18:37,18:42
E8DlNckBUFQ,LS_WILTY_EP7_lie10,19:07,19:11
E8DlNckBUFQ,LS_WILTY_EP7_lie11,19:23,19:28
E8DlNckBUFQ,LS_WILTY_EP7_lie12,19:33,19:36
E8DlNckBUFQ,LS_WILTY_EP7_lie13,19:51,19:59
E8DlNckBUFQ,LS_WILTY_EP7_truth6,20:14,20:19
E8DlNckBUFQ,LS_WILTY_EP7_truth7,22:13,22:18
E8DlNckBUFQ,LS_WILTY_EP7_truth8,22:38,22:41
E8DlNckBUFQ,LS_WILTY_EP7_truth9,22:45,22:50
E8DlNckBUFQ,LS_WILTY_EP7_truth10,24:09,24:13
E8DlNckBUFQ,LS_WILTY_EP7_truth11,25:32,25:37
E8DlNckBUFQ,LS_WILTY_EP7_truth12,26:47,26:51
E8DlNckBUFQ,LS_WILTY_EP7_truth13,26:56,26:59
TnL8Ulfl9aM,LS_WILTY_EP8_lie1,2:01,2:07
TnL8Ulfl9aM,LS_WILTY_EP8_lie2,3:10,3:13
TnL8Ulfl9aM,LS_WILTY_EP8_lie3,4:29,4:35
TnL8Ulfl9aM,LS_WILTY_EP8_lie4,4:46,4:51
TnL8Ulfl9aM,LS_WILTY_EP8_lie5,5:29,5:34
TnL8Ulfl9aM,LS_WILTY_EP8_truth1,7:21,7:25
TnL8Ulfl9aM,LS_WILTY_EP8_truth2,8:13,8:16
TnL8Ulfl9aM,LS_WILTY_EP8_truth3,15:10,15:14
TnL8Ulfl9aM,LS_WILTY_EP8_lie6,15:41,15:45
TnL8Ulfl9aM,LS_WILTY_EP8_truth4,16:46,16:50
TnL8Ulfl9aM,LS_WILTY_EP8_lie7,17:20,17:23
TnL8Ulfl9aM,LS_WILTY_EP8_lie8,17:44,17:48
TnL8Ulfl9aM,LS_WILTY_EP8_lie9,18:18,18:21
TnL8Ulfl9aM,LS_WILTY_EP8_lie10,18:34,18:38
TnL8Ulfl9aM,LS_WILTY_EP8_lie11,18:42,18:46
TnL8Ulfl9aM,LS_WILTY_EP8_lie12,21:41,21:44
TnL8Ulfl9aM,LS_WILTY_EP8_lie13,24:17,24:20
TnL8Ulfl9aM,LS_WILTY_EP8_lie14,25:23,25:26
UjeLRqCA53Q,LS_WILTY_EP9_lie1,2:11,2:16
UjeLRqCA53Q,LS_WILTY_EP9_lie2,2:29,2:32
UjeLRqCA53Q,LS_WILTY_EP9_lie3,2:35,2:38
UjeLRqCA53Q,LS_WILTY_EP9_lie4,3:13,3:16
UjeLRqCA53Q,LS_WILTY_EP9_lie5,4:41,4:45
UjeLRqCA53Q,LS_WILTY_EP9_lie6,4:54,4:58
UjeLRqCA53Q,LS_WILTY_EP9_lie7,6,6:04
UjeLRqCA53Q,LS_WILTY_EP9_truth1,8:23,8:27
UjeLRqCA53Q,LS_WILTY_EP9_truth2,8:34,8:37
UjeLRqCA53Q,LS_WILTY_EP9_truth3,9:10,9:15
UjeLRqCA53Q,LS_WILTY_EP9_truth4,9:24,9:29
UjeLRqCA53Q,LS_WILTY_EP9_truth5,9:32,9:38
UjeLRqCA53Q,LS_WILTY_EP9_truth6,15:08,15:15
UjeLRqCA53Q,LS_WILTY_EP9_lie8,15:19,15:25
UjeLRqCA53Q,LS_WILTY_EP9_truth7,16:21,16:25
UjeLRqCA53Q,LS_WILTY_EP9_truth8,16:33,16:36
UjeLRqCA53Q,LS_WILTY_EP9_lie9,17:12,17:17
UjeLRqCA53Q,LS_WILTY_EP9_lie10,17:41,17:45
UjeLRqCA53Q,LS_WILTY_EP9_lie11,17:57,18:04
UjeLRqCA53Q,LS_WILTY_EP9_lie12,18:11,18:15
UjeLRqCA53Q,LS_WILTY_EP9_lie13,18:52,18:55
UjeLRqCA53Q,LS_WILTY_EP9_lie14,18:57,19:01
UjeLRqCA53Q,LS_WILTY_EP9_lie15,19:04,19:08
UjeLRqCA53Q,LS_WILTY_EP9_lie16,19:16,19:20
UjeLRqCA53Q,LS_WILTY_EP9_lie17,19:24,19:29
UjeLRqCA53Q,LS_WILTY_EP9_lie18,22:18,22:21
UjeLRqCA53Q,LS_WILTY_EP9_lie19,23:01,23:04
UjeLRqCA53Q,LS_WILTY_EP9_truth9,23:51,23:55
UjeLRqCA53Q,LS_WILTY_EP9_truth10,25:32,25:36
UjeLRqCA53Q,LS_WILTY_EP9_lie20,26:09,26:14
UjeLRqCA53Q,LS_WILTY_EP9_lie21,26:38,26:41
gslBhWkBAlk,LS_WILTY_EP10_truth1,1:59,2:04
gslBhWkBAlk,LS_WILTY_EP10_truth2,2:12,2:15
gslBhWkBAlk,LS_WILTY_EP10_truth3,2:19,2:24
gslBhWkBAlk,LS_WILTY_EP10_truth4,2:35,2:39
gslBhWkBAlk,LS_WILTY_EP10_lie1,4:25,4:30
gslBhWkBAlk,LS_WILTY_EP10_lie2,4:55,5
gslBhWkBAlk,LS_WILTY_EP10_lie3,5:08,5:11
gslBhWkBAlk,LS_WILTY_EP10_lie4,5:32,5:36
gslBhWkBAlk,LS_WILTY_EP10_lie5,9:01,9:05
gslBhWkBAlk,LS_WILTY_EP10_lie6,15:56,15:59
gslBhWkBAlk,LS_WILTY_EP10_lie7,16:22,16:26
gslBhWkBAlk,LS_WILTY_EP10_lie8,16:29,16:35
gslBhWkBAlk,LS_WILTY_EP10_lie9,16:38,16:44
gslBhWkBAlk,LS_WILTY_EP10_truth5,17:02,17:07
gslBhWkBAlk,LS_WILTY_EP10_truth6,17:15,17:21
gslBhWkBAlk,LS_WILTY_EP10_lie10,18:23,18:26
gslBhWkBAlk,LS_WILTY_EP10_lie11,18:30,18:35
gslBhWkBAlk,LS_WILTY_EP10_truth7,21:32,21:35
gslBhWkBAlk,LS_WILTY_EP10_truth8,21:37,21:41
gslBhWkBAlk,LS_WILTY_EP10_truth9,22:05,22:08
gslBhWkBAlk,LS_WILTY_EP10_lie12,23:25,23:30
gslBhWkBAlk,LS_WILTY_EP10_lie13,24:17,24:21
gslBhWkBAlk,LS_WILTY_EP10_lie14,25:42,25:45
gslBhWkBAlk,LS_WILTY_EP10_lie15,26:11,26:15
4vSoZTZ2Oqs,LS_WILTY_EP11_lie1,1:49,1:54
4vSoZTZ2Oqs,LS_WILTY_EP11_truth1,4:04,4:10
4vSoZTZ2Oqs,LS_WILTY_EP11_truth2,4:14,4:18
4vSoZTZ2Oqs,LS_WILTY_EP11_truth3,4:27,4:32
4vSoZTZ2Oqs,LS_WILTY_EP11_truth4,5:21,5:25
4vSoZTZ2Oqs,LS_WILTY_EP11_truth5,5:35,5:38
4vSoZTZ2Oqs,LS_WILTY_EP11_lie2,6:37,6:44
4vSoZTZ2Oqs,LS_WILTY_EP11_lie3,6:54,7
4vSoZTZ2Oqs,LS_WILTY_EP11_lie4,8,8:04
4vSoZTZ2Oqs,LS_WILTY_EP11_lie5,8:17,8:20
4vSoZTZ2Oqs,LS_WILTY_EP11_lie6,15:26,15:31
4vSoZTZ2Oqs,LS_WILTY_EP11_truth6,15:40,15:46
4vSoZTZ2Oqs,LS_WILTY_EP11_lie7,15:50,15:55
4vSoZTZ2Oqs,LS_WILTY_EP11_lie8,16:19,16:23
4vSoZTZ2Oqs,LS_WILTY_EP11_lie9,16:33,16:37
4vSoZTZ2Oqs,LS_WILTY_EP11_lie10,18:48,18:53
4vSoZTZ2Oqs,LS_WILTY_EP11_truth7,19:58,20:01
4vSoZTZ2Oqs,LS_WILTY_EP11_lie11,22:35,22:38
4vSoZTZ2Oqs,LS_WILTY_EP11_lie12,22:53,22:58
4vSoZTZ2Oqs,LS_WILTY_EP11_lie13,23:30,23:33
4vSoZTZ2Oqs,LS_WILTY_EP11_truth8,24:17,24:20
4vSoZTZ2Oqs,LS_WILTY_EP11_truth9,25:06,25:10
4vSoZTZ2Oqs,LS_WILTY_EP11_lie14,26:25,26:30
4vSoZTZ2Oqs,LS_WILTY_EP11_lie15,26:55,26:58
4vSoZTZ2Oqs,LS_WILTY_EP11_lie16,27:02,27:07
VnYU4zQaE1c,LS_WILTY_EP12_lie1,1:58,2:03
VnYU4zQaE1c,LS_WILTY_EP12_lie2,2:08,2:12
VnYU4zQaE1c,LS_WILTY_EP12_lie3,4:18,4:21
VnYU4zQaE1c,LS_WILTY_EP12_lie4,4:38,4:41
VnYU4zQaE1c,LS_WILTY_EP12_lie5,5:08,5:14
VnYU4zQaE1c,LS_WILTY_EP12_truth1,6:11,6:15
VnYU4zQaE1c,LS_WILTY_EP12_truth2,7:16,7:19
VnYU4zQaE1c,LS_WILTY_EP12_truth3,7:28,7:32
VnYU4zQaE1c,LS_WILTY_EP12_lie6,12:22,12:26
VnYU4zQaE1c,LS_WILTY_EP12_truth4,12:37,12:41
VnYU4zQaE1c,LS_WILTY_EP12_lie7,12:44,12:49
VnYU4zQaE1c,LS_WILTY_EP12_lie8,13:18,13:23
VnYU4zQaE1c,LS_WILTY_EP12_truth5,15:15,15:19
VnYU4zQaE1c,LS_WILTY_EP12_lie9,16,16:04
VnYU4zQaE1c,LS_WILTY_EP12_lie10,16:07,16:12
VnYU4zQaE1c,LS_WILTY_EP12_lie11,16:22,16:26
VnYU4zQaE1c,LS_WILTY_EP12_lie12,18:56,18:59
VnYU4zQaE1c,LS_WILTY_EP12_lie13,19:39,19:45
VnYU4zQaE1c,LS_WILTY_EP12_lie14,21:25,21:29
VnYU4zQaE1c,LS_WILTY_EP12_truth6,24:30,24:33
VnYU4zQaE1c,LS_WILTY_EP12_lie15,25:37,25:41
VnYU4zQaE1c,LS_WILTY_EP12_lie16,25:54,26:00
VnYU4zQaE1c,LS_WILTY_EP12_lie17,26:23,26:26
aHcPRcWMB1c,LS_WILTY_EP13_truth1,1:51,1:58
aHcPRcWMB1c,LS_WILTY_EP13_truth2,2:10,2:15
aHcPRcWMB1c,LS_WILTY_EP13_truth3,2:43,2:48
aHcPRcWMB1c,LS_WILTY_EP13_lie1,4:21,4:24
aHcPRcWMB1c,LS_WILTY_EP13_lie2,5:09,5:14
aHcPRcWMB1c,LS_WILTY_EP13_lie3,5:53,5:59
aHcPRcWMB1c,LS_WILTY_EP13_lie4,6:21,6:24
aHcPRcWMB1c,LS_WILTY_EP13_lie5,6:40,6:44
aHcPRcWMB1c,LS_WILTY_EP13_lie6,7:27,7:31
aHcPRcWMB1c,LS_WILTY_EP13_truth4,14:23,14:28
aHcPRcWMB1c,LS_WILTY_EP13_lie7,15:02,15:07
aHcPRcWMB1c,LS_WILTY_EP13_lie8,15:36,15:41
aHcPRcWMB1c,LS_WILTY_EP13_lie9,16:28,16:31
aHcPRcWMB1c,LS_WILTY_EP13_lie10,16:36,16:41
aHcPRcWMB1c,LS_WILTY_EP13_truth5,17:12,17:15
aHcPRcWMB1c,LS_WILTY_EP13_truth6,20:29,20:34
aHcPRcWMB1c,LS_WILTY_EP13_truth7,22:46,22:51
aHcPRcWMB1c,LS_WILTY_EP13_lie11,23:59,24:02
aHcPRcWMB1c,LS_WILTY_EP13_lie12,24:27,24:31
aHcPRcWMB1c,LS_WILTY_EP13_lie13,24:38,24:42
aHcPRcWMB1c,LS_WILTY_EP13_truth8,26:47,26:52
aHcPRcWMB1c,LS_WILTY_EP13_truth9,27:02,27:07
aHcPRcWMB1c,LS_WILTY_EP13_truth10,27:12,27:17
aHcPRcWMB1c,LS_WILTY_EP13_truth11,27:19,27:23
Y4RQe_4yeSo,LS_WILTY_EP14_lie1,1:48,1:53
Y4RQe_4yeSo,LS_WILTY_EP14_lie2,4:02,4:07
Y4RQe_4yeSo,LS_WILTY_EP14_lie3,5:45,5:49
Y4RQe_4yeSo,LS_WILTY_EP14_truth1,7:32,7:36
Y4RQe_4yeSo,LS_WILTY_EP14_truth2,8:21,8:26
Y4RQe_4yeSo,LS_WILTY_EP14_truth3,8:32,8:35
Y4RQe_4yeSo,LS_WILTY_EP14_truth4,14:54,14:58
Y4RQe_4yeSo,LS_WILTY_EP14_lie4,15:18,15:23
Y4RQe_4yeSo,LS_WILTY_EP14_lie5,17:41,17:45
Y4RQe_4yeSo,LS_WILTY_EP14_lie6,17:54,17:58
Y4RQe_4yeSo,LS_WILTY_EP14_truth5,18:20,18:23
Y4RQe_4yeSo,LS_WILTY_EP14_truth6,18:26,18:30
Y4RQe_4yeSo,LS_WILTY_EP14_lie7,20:56,20:59
Y4RQe_4yeSo,LS_WILTY_EP14_lie8,21:08,21:11
Y4RQe_4yeSo,LS_WILTY_EP14_lie9,21:42,21:45
Y4RQe_4yeSo,LS_WILTY_EP14_lie10,21:47,21:51
Y4RQe_4yeSo,LS_WILTY_EP14_truth7,22:22,22:28
Y4RQe_4yeSo,LS_WILTY_EP14_truth8,22:48,22:51
Y4RQe_4yeSo,LS_WILTY_EP14_truth9,23:16,23:21
Y4RQe_4yeSo,LS_WILTY_EP14_truth10,24:24,24:28
Y4RQe_4yeSo,LS_WILTY_EP14_lie11,26:20,26:25
SG1B36dxeJ0,BRI_WILTY_EP57_truth_1,1:49,1:53
SG1B36dxeJ0,BRI_WILTY_EP57_truth_2,2:45,2:51
SG1B36dxeJ0,BRI_WILTY_EP57_truth_3,3:07,3:10
SG1B36dxeJ0,BRI_WILTY_EP57_truth_4,7:12,7:16
SG1B36dxeJ0,BRI_WILTY_EP57_truth_5,7:30,7:33
SG1B36dxeJ0,BRI_WILTY_EP57_truth_6,7:40,7:45
SG1B36dxeJ0,BRI_WILTY_EP57_truth_7,7:54,7:58
SG1B36dxeJ0,BRI_WILTY_EP57_truth_8,8:01,8:04
SG1B36dxeJ0,BRI_WILTY_EP57_truth_9,11:55,12
SG1B36dxeJ0,BRI_WILTY_EP57_lie_10,12:07,12:10
SG1B36dxeJ0,BRI_WILTY_EP57_lie_11,12:19,12:24
SG1B36dxeJ0,BRI_WILTY_EP57_truth_12,12:40,12:49
SG1B36dxeJ0,BRI_WILTY_EP57_truth_13,12:51,12:54
SG1B36dxeJ0,BRI_WILTY_EP57_truth_14,14:06,14:12
SG1B36dxeJ0,BRI_WILTY_EP57_truth_15,14:14,14:17
SG1B36dxeJ0,BRI_WILTY_EP57_lie_16,14:41,14:47
SG1B36dxeJ0,BRI_WILTY_EP57_lie_17,14:58,15:03
SG1B36dxeJ0,BRI_WILTY_EP57_lie_18,15:12,15:16
SG1B36dxeJ0,BRI_WILTY_EP57_lie_19,15:19,15:25
SG1B36dxeJ0,BRI_WILTY_EP57_lie_20,15:58,16:02
SG1B36dxeJ0,BRI_WILTY_EP57_lie_21,16:25,16:28
SG1B36dxeJ0,BRI_WILTY_EP57_lie_22,16:44,16:48
SG1B36dxeJ0,BRI_WILTY_EP57_lie_23,17:08,17:13
SG1B36dxeJ0,BRI_WILTY_EP57_truth_24,20:31,20:34
SG1B36dxeJ0,BRI_WILTY_EP57_truth_25,20:36,20:40
SG1B36dxeJ0,BRI_WILTY_EP57_truth_26,20:52,20:55
SG1B36dxeJ0,BRI_WILTY_EP57_truth_27,20:59,21:04
SG1B36dxeJ0,BRI_WILTY_EP57_truth_28,21:19,21:22
SG1B36dxeJ0,BRI_WILTY_EP57_truth_29,21:32,21:37
SG1B36dxeJ0,BRI_WILTY_EP57_truth_30,21:39,21:44
SG1B36dxeJ0,BRI_WILTY_EP57_truth_31,27:01,27:04
SG1B36dxeJ0,BRI_WILTY_EP57_truth_32,27:22,27:26
7fWdlSdE9Fo,BRI_WILTY_EP58_lie_1,1:47,1:56
7fWdlSdE9Fo,BRI_WILTY_EP58_lie_2,2:11,2:14
7fWdlSdE9Fo,BRI_WILTY_EP58_lie_3,2:52,2:56
7fWdlSdE9Fo,BRI_WILTY_EP58_lie_4,3:02,3:09
7fWdlSdE9Fo,BRI_WILTY_EP58_truth_5,5:26,5:30
7fWdlSdE9Fo,BRI_WILTY_EP58_truth_6,5:39,5:42
7fWdlSdE9Fo,BRI_WILTY_EP58_truth_7,5:57,6:03
7fWdlSdE9Fo,BRI_WILTY_EP58_truth_8,6:06,6:10
7fWdlSdE9Fo,BRI_WILTY_EP58_truth_9,6:24,6:30
7fWdlSdE9Fo,BRI_WILTY_EP58_truth_10,7:44,7:50
7fWdlSdE9Fo,BRI_WILTY_EP58_truth_11,8:54,9:01
7fWdlSdE9Fo,BRI_WILTY_EP58_truth_12,9:20,9:29
7fWdlSdE9Fo,BRI_WILTY_EP58_truth_13,10:07,10:11
7fWdlSdE9Fo,BRI_WILTY_EP58_truth_14,10:56,11:03
7fWdlSdE9Fo,BRI_WILTY_EP58_lie_15,12:30,12:39
7fWdlSdE9Fo,BRI_WILTY_EP58_lie_16,12:49,12:53
7fWdlSdE9Fo,BRI_WILTY_EP58_lie_17,12:58,13:01
7fWdlSdE9Fo,BRI_WILTY_EP58_lie_18,13:21,13:25
7fWdlSdE9Fo,BRI_WILTY_EP58_lie_19,16:56,17:03
7fWdlSdE9Fo,BRI_WILTY_EP58_truth_20,17:12,17:18
7fWdlSdE9Fo,BRI_WILTY_EP58_lie_21,17:22,17:28
7fWdlSdE9Fo,BRI_WILTY_EP58_lie_22,17:28,17:33
7fWdlSdE9Fo,BRI_WILTY_EP58_lie_23,17:41,17:45
7fWdlSdE9Fo,BRI_WILTY_EP58_lie_24,18:51,18:58
7fWdlSdE9Fo,BRI_WILTY_EP58_lie_25,19:22,19:31
7fWdlSdE9Fo,BRI_WILTY_EP58_lie_26,19:53,19:59
7fWdlSdE9Fo,BRI_WILTY_EP58_lie_27,20:02,20:08
7fWdlSdE9Fo,BRI_WILTY_EP58_lie_28,20:17,20:24
7fWdlSdE9Fo,BRI_WILTY_EP58_truth_29,21:36,21:41
7fWdlSdE9Fo,BRI_WILTY_EP58_lie_30,23:52,23:55
7fWdlSdE9Fo,BRI_WILTY_EP58_lie_31,24:02,24:08
7fWdlSdE9Fo,BRI_WILTY_EP58_lie_32,24:13,24:16
7fWdlSdE9Fo,BRI_WILTY_EP58_lie_33,24:40,24:43
7fWdlSdE9Fo,BRI_WILTY_EP58_lie_34,26:35,26:40
K_dUfIegnis,BRI_WILTY_EP59_truth_1,1:41,1:49
K_dUfIegnis,BRI_WILTY_EP59_truth_2,1:53,1:57
K_dUfIegnis,BRI_WILTY_EP59_truth_3,2:09,2:17
K_dUfIegnis,BRI_WILTY_EP59_truth_4,2:26,2:29
K_dUfIegnis,BRI_WILTY_EP59_truth_5,2:37,2:45
K_dUfIegnis,BRI_WILTY_EP59_truth_6,2:56,3:01
K_dUfIegnis,BRI_WILTY_EP59_truth_7,3:50,3:53
K_dUfIegnis,BRI_WILTY_EP59_truth_8,5:13,5:23
K_dUfIegnis,BRI_WILTY_EP59_truth_9,5:52,5:59
K_dUfIegnis,BRI_WILTY_EP59_lie_10,9:31,9:39
K_dUfIegnis,BRI_WILTY_EP59_lie_11,9:46,9:51
K_dUfIegnis,BRI_WILTY_EP59_truth_12,9:56,10:02
K_dUfIegnis,BRI_WILTY_EP59_lie_13,10:21,10:26
K_dUfIegnis,BRI_WILTY_EP59_lie_14,11:05,11:08
K_dUfIegnis,BRI_WILTY_EP59_lie_15,13:13,13:17
K_dUfIegnis,BRI_WILTY_EP59_lie_16,14:52,14:59
K_dUfIegnis,BRI_WILTY_EP59_truth_17,15:46,15:51
K_dUfIegnis,BRI_WILTY_EP59_truth_18,15:52,15:57
K_dUfIegnis,BRI_WILTY_EP59_truth_19,16:01,16:09
K_dUfIegnis,BRI_WILTY_EP59_deception_20,19:42,19:51
K_dUfIegnis,BRI_WILTY_EP59_deception_21,20:16,20:21
K_dUfIegnis,BRI_WILTY_EP59_deception_22,20:35,20:40
K_dUfIegnis,BRI_WILTY_EP59_deception_23,20:48,20:51
K_dUfIegnis,BRI_WILTY_EP59_deception_24,22,22:06
K_dUfIegnis,BRI_WILTY_EP59_deception_25,26:19,26:22
K_dUfIegnis,BRI_WILTY_EP59_deception_26,27:10,27:14
4er8rBrelyw,BRI_WILTY_EP60_truth_1,1:58,2:02
4er8rBrelyw,BRI_WILTY_EP60_truth_2,3:19,3:23
4er8rBrelyw,BRI_WILTY_EP60_truth_3,6:34,6:38
4er8rBrelyw,BRI_WILTY_EP60_truth_4,8:30,8:33
4er8rBrelyw,BRI_WILTY_EP60_truth_5,10:26,10:31
4er8rBrelyw,BRI_WILTY_EP60_truth_6,10:34,10:37
4er8rBrelyw,BRI_WILTY_EP60_truth_7,12:44,12:48
4er8rBrelyw,BRI_WILTY_EP60_lie_8,12:52,12:58
4er8rBrelyw,BRI_WILTY_EP60_lie_9,13:10,13:17
4er8rBrelyw,BRI_WILTY_EP60_truth_10,13:43,13:46
4er8rBrelyw,BRI_WILTY_EP60_truth_11,14:25,14:29
4er8rBrelyw,BRI_WILTY_EP60_truth_12,14:57,15:01
4er8rBrelyw,BRI_WILTY_EP60_lie_13,15:40,15:44
4er8rBrelyw,BRI_WILTY_EP60_lie_14,15:52,15:56
4er8rBrelyw,BRI_WILTY_EP60_lie_15,16:04,16:11
4er8rBrelyw,BRI_WILTY_EP60_lie_16,16:52,16:57
4er8rBrelyw,BRI_WILTY_EP60_lie_17,17:28,17:36
4er8rBrelyw,BRI_WILTY_EP60_lie_18,17:58,18:02
4er8rBrelyw,BRI_WILTY_EP60_lie_19,18:45,18:49
4er8rBrelyw,BRI_WILTY_EP60_lie_20,20:32,20:35
4er8rBrelyw,BRI_WILTY_EP60_lie_21,20:54,20:57
4er8rBrelyw,BRI_WILTY_EP60_lie_22,23:26,23:31
4er8rBrelyw,BRI_WILTY_EP60_lie_23,25:11,25:14
4er8rBrelyw,BRI_WILTY_EP60_lie_24,25:34,25:40
vbsNrE6Oocs,BRI_WILTY_EP61_lie_1,1:48,1:53
vbsNrE6Oocs,BRI_WILTY_EP61_lie_2,1:56,1:59
vbsNrE6Oocs,BRI_WILTY_EP61_lie_3,2:05,2:08
vbsNrE6Oocs,BRI_WILTY_EP61_lie_4,2:35,2:38
vbsNrE6Oocs,BRI_WILTY_EP61_lie_5,2:43,2:47
vbsNrE6Oocs,BRI_WILTY_EP61_lie_6,3,3:04
vbsNrE6Oocs,BRI_WILTY_EP61_lie_7,3:47,3:52
vbsNrE6Oocs,BRI_WILTY_EP61_lie_8,4:28,4:31
vbsNrE6Oocs,BRI_WILTY_EP61_truth_9,5:40,5:46
vbsNrE6Oocs,BRI_WILTY_EP61_truth_10,6:30,6:38
vbsNrE6Oocs,BRI_WILTY_EP61_truth_11,7:22,7:27
vbsNrE6Oocs,BRI_WILTY_EP61_truth_12,7:45,7:47
vbsNrE6Oocs,BRI_WILTY_EP61_truth_13,8:57,9:06
vbsNrE6Oocs,BRI_WILTY_EP61_truth_14,9:37,9:41
vbsNrE6Oocs,BRI_WILTY_EP61_truth_15,9:45,9:48
vbsNrE6Oocs,BRI_WILTY_EP61_truth_16,10:14,10:21
vbsNrE6Oocs,BRI_WILTY_EP61_truth_17,12:56,13:04
vbsNrE6Oocs,BRI_WILTY_EP61_lie_18,13:22,13:28
vbsNrE6Oocs,BRI_WILTY_EP61_truth_19,14:28,14:35
vbsNrE6Oocs,BRI_WILTY_EP61_truth_20,15:06,15:11
vbsNrE6Oocs,BRI_WILTY_EP61_truth_21,15:13,15:17
vbsNrE6Oocs,BRI_WILTY_EP61_lie_22,15:39,13:44
vbsNrE6Oocs,BRI_WILTY_EP61_lie_23,15:48,15:54
vbsNrE6Oocs,BRI_WILTY_EP61_lie_24,16:01,16:05
vbsNrE6Oocs,BRI_WILTY_EP61_lie_25,16:08,16:12
vbsNrE6Oocs,BRI_WILTY_EP61_lie_26,16:18,16:24
vbsNrE6Oocs,BRI_WILTY_EP61_lie_27,18:15,18:18
vbsNrE6Oocs,BRI_WILTY_EP61_lie_28,18:53,18:57
vbsNrE6Oocs,BRI_WILTY_EP61_lie_29,19:05,19:14
vbsNrE6Oocs,BRI_WILTY_EP61_lie_30,19:49,19:52
vbsNrE6Oocs,BRI_WILTY_EP61_lie_31,19:54,20
vbsNrE6Oocs,BRI_WILTY_EP61_lie_32,20:04,20:09
vbsNrE6Oocs,BRI_WILTY_EP61_truth_33,22:26,22:35
vbsNrE6Oocs,BRI_WILTY_EP61_truth_34,22:44,22:50
vbsNrE6Oocs,BRI_WILTY_EP61_truth_35,22:58,23:02
vbsNrE6Oocs,BRI_WILTY_EP61_lie_36,24:20,25:01
vbsNrE6Oocs,BRI_WILTY_EP61_lie_37,25:20,25:23
jflRZk9V_qY,BRI_WILTY_EP62_truth_1,1:47,1:51
jflRZk9V_qY,BRI_WILTY_EP62_truth_2,2:16,2:19
jflRZk9V_qY,BRI_WILTY_EP62_truth_3,2:48,2:53
jflRZk9V_qY,BRI_WILTY_EP62_truth_4,3:41,3:44
jflRZk9V_qY,BRI_WILTY_EP62_truth_5,4:18,4:22
jflRZk9V_qY,BRI_WILTY_EP62_truth_6,6:30,6:33
jflRZk9V_qY,BRI_WILTY_EP62_truth_7,7:12,7:15
jflRZk9V_qY,BRI_WILTY_EP62_truth_8,7:34,7:37
jflRZk9V_qY,BRI_WILTY_EP62_truth_9,8:40,8:44
jflRZk9V_qY,BRI_WILTY_EP62_truth_10,9:20,9:24
jflRZk9V_qY,BRI_WILTY_EP62_truth_11,9:31,9:38
jflRZk9V_qY,BRI_WILTY_EP62_truth_12,10:22,10:26
jflRZk9V_qY,BRI_WILTY_EP62_truth_13,12:12,12:21
jflRZk9V_qY,BRI_WILTY_EP62_lie_14,12:23,12:32
jflRZk9V_qY,BRI_WILTY_EP62_lie_15,12:51,12:54
jflRZk9V_qY,BRI_WILTY_EP62_lie_16,12:57,13
jflRZk9V_qY,BRI_WILTY_EP62_lie_17,13:40,13:44
jflRZk9V_qY,BRI_WILTY_EP62_lie_18,13:47,13:53
jflRZk9V_qY,BRI_WILTY_EP62_truth_19,15:09,15:13
jflRZk9V_qY,BRI_WILTY_EP62_truth_20,15:26,15:30
jflRZk9V_qY,BRI_WILTY_EP62_truth_21,16:19,16:28
jflRZk9V_qY,BRI_WILTY_EP62_truth_22,16:53,16:56
jflRZk9V_qY,BRI_WILTY_EP62_truth_23,17:12,17:21
jflRZk9V_qY,BRI_WILTY_EP62_lie_24,19:32,19:37
jflRZk9V_qY,BRI_WILTY_EP62_lie_25,19:56,20:04
jflRZk9V_qY,BRI_WILTY_EP62_lie_26,20:23,20:31
jflRZk9V_qY,BRI_WILTY_EP62_lie_27,20:50,20:59
jflRZk9V_qY,BRI_WILTY_EP62_lie_28,21:02,21:10
jflRZk9V_qY,BRI_WILTY_EP62_lie_29,23:19,23:23
jflRZk9V_qY,BRI_WILTY_EP62_lie_30,23:27,23:30
jflRZk9V_qY,BRI_WILTY_EP62_truth_31,26:45,26:48
4iznh63xL44,BRI_WILTY_EP63_truth_1,1:59,2:04
4iznh63xL44,BRI_WILTY_EP63_truth_2,2:47,2:50
4iznh63xL44,BRI_WILTY_EP63_truth_3,3:28,3:33
4iznh63xL44,BRI_WILTY_EP63_truth_4,3:57,4:02
4iznh63xL44,BRI_WILTY_EP63_truth_5,4:11,4:16
4iznh63xL44,BRI_WILTY_EP63_truth_6,4:24,4:27
4iznh63xL44,BRI_WILTY_EP63_truth_7,5:15,5:21
4iznh63xL44,BRI_WILTY_EP63_truth_8,5:27,5:31
4iznh63xL44,BRI_WILTY_EP63_truth_9,5:39,5:43
4iznh63xL44,BRI_WILTY_EP63_truth_10,6:26,6:30
4iznh63xL44,BRI_WILTY_EP63_truth_11,6:36,6:40
4iznh63xL44,BRI_WILTY_EP63_truth_12,6:47,6:51
4iznh63xL44,BRI_WILTY_EP63_truth_13,6:59,7:07
4iznh63xL44,BRI_WILTY_EP63_truth_14,7:22,7:30
4iznh63xL44,BRI_WILTY_EP63_truth_15,7:38,7:41
4iznh63xL44,BRI_WILTY_EP63_truth_16,8:03,8:07
4iznh63xL44,BRI_WILTY_EP63_truth_17,8:34,8:39
4iznh63xL44,BRI_WILTY_EP63_truth_18,8:54,9
4iznh63xL44,BRI_WILTY_EP63_truth_19,9:01,9:03
4iznh63xL44,BRI_WILTY_EP63_truth_20,9:16,9:20
4iznh63xL44,BRI_WILTY_EP63_truth_21,9:25,9:28
4iznh63xL44,BRI_WILTY_EP63_truth_22,10:05,10:10
4iznh63xL44,BRI_WILTY_EP63_truth_23,10:46,10:52
4iznh63xL44,BRI_WILTY_EP63_truth_24,11:05,11:09
4iznh63xL44,BRI_WILTY_EP63_lie_25,12:51,12:56
4iznh63xL44,BRI_WILTY_EP63_truth_26,13:09,13:15
4iznh63xL44,BRI_WILTY_EP63_lie_27,13:17,13:28
4iznh63xL44,BRI_WILTY_EP63_lie_28,13:57,15:53
4iznh63xL44,BRI_WILTY_EP63_lie_29,17:17,17:24
4iznh63xL44,BRI_WILTY_EP63_lie_30,17:53,18:01
4iznh63xL44,BRI_WILTY_EP63_truth_31,22:02,22:05
MZ_p8qaG08o,BRI_WILTY_EP64_truth_1,2:05,2:10
MZ_p8qaG08o,BRI_WILTY_EP64_truth_2,2:21,2:26
MZ_p8qaG08o,BRI_WILTY_EP64_truth_3,2:40,2:44
MZ_p8qaG08o,BRI_WILTY_EP64_truth_4,4:01,4:04
MZ_p8qaG08o,BRI_WILTY_EP64_truth_5,4:33,4:36
MZ_p8qaG08o,BRI_WILTY_EP64_truth_6,7:24,7:30
MZ_p8qaG08o,BRI_WILTY_EP64_truth_7,7:50,7:53
MZ_p8qaG08o,BRI_WILTY_EP64_truth_8,8:27,8:31
MZ_p8qaG08o,BRI_WILTY_EP64_truth_9,8:41,8:45
MZ_p8qaG08o,BRI_WILTY_EP64_lie_10,12:01,12:07
MZ_p8qaG08o,BRI_WILTY_EP64_lie_11,12:11,12:17
MZ_p8qaG08o,BRI_WILTY_EP64_truth_12,12:25,12:33
MZ_p8qaG08o,BRI_WILTY_EP64_lie_13,12:49,12:52
MZ_p8qaG08o,BRI_WILTY_EP64_lie_14,13:20,13:26
MZ_p8qaG08o,BRI_WILTY_EP64_lie_15,15:39,15:42
MZ_p8qaG08o,BRI_WILTY_EP64_truth_16,16:34,16:39
MZ_p8qaG08o,BRI_WILTY_EP64_truth_17,16:48,16:52
MZ_p8qaG08o,BRI_WILTY_EP64_truth_18,17:38,17:46
MZ_p8qaG08o,BRI_WILTY_EP64_truth_19,18:01,18:06
MZ_p8qaG08o,BRI_WILTY_EP64_truth_20,18:19,18:25
MZ_p8qaG08o,BRI_WILTY_EP64_lie_21,21:03,21:06
MZ_p8qaG08o,BRI_WILTY_EP64_lie_22,24:08,24:13
MZ_p8qaG08o,BRI_WILTY_EP64_lie_23,24:16,24:21
MZ_p8qaG08o,BRI_WILTY_EP64_lie_24,25:23,25:27
Bo6sN8TmAUk,BRI_WILTY_EP65_truth_1,2:09,  2:15
Bo6sN8TmAUk,BRI_WILTY_EP65_truth_2,2:16,2:21
Bo6sN8TmAUk,BRI_WILTY_EP65_truth_3,3:01,3:05
Bo6sN8TmAUk,BRI_WILTY_EP65_truth_4,3:39,3:45
Bo6sN8TmAUk,BRI_WILTY_EP65_truth_5,4:10,4:16
Bo6sN8TmAUk,BRI_WILTY_EP65_truth_6,4:21,4:25
Bo6sN8TmAUk,BRI_WILTY_EP65_truth_7,4:28,4:31
Bo6sN8TmAUk,BRI_WILTY_EP65_lie_8,6:48,6:55
Bo6sN8TmAUk,BRI_WILTY_EP65_lie_9,6:58,7:03
Bo6sN8TmAUk,BRI_WILTY_EP65_lie_10,7:24,7:28
Bo6sN8TmAUk,BRI_WILTY_EP65_lie_11,8:41,8:46
Bo6sN8TmAUk,BRI_WILTY_EP65_lie_12,13:07,13:12
Bo6sN8TmAUk,BRI_WILTY_EP65_truth_13,15:23,15:28
Bo6sN8TmAUk,BRI_WILTY_EP65_truth_14,15:34,15:40
Bo6sN8TmAUk,BRI_WILTY_EP65_lie_15,16:30,16:33
Bo6sN8TmAUk,BRI_WILTY_EP65_truth_16,21:39,21:45
Bo6sN8TmAUk,BRI_WILTY_EP65_lie_17,27:12,27:16
Bo6sN8TmAUk,BRI_WILTY_EP65_lie_18,27:28,27:31
JyqdXpgnDNo,BRI_WILTY_EP66_truth_1,1:50,1:58
JyqdXpgnDNo,BRI_WILTY_EP66_truth_2,2:10,2:13
JyqdXpgnDNo,BRI_WILTY_EP66_truth_3,2:18,2:22
JyqdXpgnDNo,BRI_WILTY_EP66_truth_4,2:39,2:46
JyqdXpgnDNo,BRI_WILTY_EP66_truth_5,3:20,3:27
JyqdXpgnDNo,BRI_WILTY_EP66_truth_6,3:50,4
JyqdXpgnDNo,BRI_WILTY_EP66_truth_7,4:09,4:18
JyqdXpgnDNo,BRI_WILTY_EP66_truth_8,5:50,5:58
JyqdXpgnDNo,BRI_WILTY_EP66_truth_9,6:44,6:49
JyqdXpgnDNo,BRI_WILTY_EP66_lie_10,12:24,12:32
JyqdXpgnDNo,BRI_WILTY_EP66_lie_11,12:47,12:52
JyqdXpgnDNo,BRI_WILTY_EP66_lie_12,13:16,13:23
JyqdXpgnDNo,BRI_WILTY_EP66_truth_13,23:36,23:44
JyqdXpgnDNo,BRI_WILTY_EP66_truth_14,23:50,23:55
JyqdXpgnDNo,BRI_WILTY_EP66_truth_15,23:56,24:07
JyqdXpgnDNo,BRI_WILTY_EP66_truth_16,24:17,24:20
JyqdXpgnDNo,BRI_WILTY_EP66_truth_17,24:40,24:48
JyqdXpgnDNo,BRI_WILTY_EP66_truth_18,24:50,24:55
JyqdXpgnDNo,BRI_WILTY_EP66_truth_19,25:30,25:38
JOqMqNlhLOI,BRI_WILTY_EP67_lie_1,1:32,1:41
JOqMqNlhLOI,BRI_WILTY_EP67_lie_2,1:56,2
JOqMqNlhLOI,BRI_WILTY_EP67_lie_3,2:14,2:22
JOqMqNlhLOI,BRI_WILTY_EP67_lie_4,4:10,4:15
JOqMqNlhLOI,BRI_WILTY_EP67_lie_5,4:37,4:42
JOqMqNlhLOI,BRI_WILTY_EP67_truth_6,6:24,6:28
JOqMqNlhLOI,BRI_WILTY_EP67_truth_7,6:50,6:58
JOqMqNlhLOI,BRI_WILTY_EP67_lie_8,11:17,11:25
JOqMqNlhLOI,BRI_WILTY_EP67_truth_9,11:27,11:36
JOqMqNlhLOI,BRI_WILTY_EP67_lie_10,11:39,11:48
JOqMqNlhLOI,BRI_WILTY_EP67_truth_11,12:05,12:10
JOqMqNlhLOI,BRI_WILTY_EP67_lie_12,13:11,13:17
JOqMqNlhLOI,BRI_WILTY_EP67_lie_13,14:14,14:22
JOqMqNlhLOI,BRI_WILTY_EP67_truth_14,19:52,19:59
JOqMqNlhLOI,BRI_WILTY_EP67_truth_15,20:38,20:43
JOqMqNlhLOI,BRI_WILTY_EP67_truth_16,20:50,20:56
HPlXvaGFJ3I,BRI_WILTY_EP68_lie_1,1:12,1:19
HPlXvaGFJ3I,BRI_WILTY_EP68_lie_2,1:32,1:36
HPlXvaGFJ3I,BRI_WILTY_EP68_lie_3,2:07,2:14
HPlXvaGFJ3I,BRI_WILTY_EP68_truth_4,9:24,9:30
HPlXvaGFJ3I,BRI_WILTY_EP68_lie_5,9:35,9:41
HPlXvaGFJ3I,BRI_WILTY_EP68_lie_6,9:44,9:50
HPlXvaGFJ3I,BRI_WILTY_EP68_truth_7,10:16,10:21
HPlXvaGFJ3I,BRI_WILTY_EP68_truth_8,11:13,11:18
HPlXvaGFJ3I,BRI_WILTY_EP68_truth_9,12:40,12:45
HPlXvaGFJ3I,BRI_WILTY_EP68_lie_10,13:44,13:50
HPlXvaGFJ3I,BRI_WILTY_EP68_truth_11,19:46,19:54
HPlXvaGFJ3I,BRI_WILTY_EP68_truth_12,20:15,20:18
HPlXvaGFJ3I,BRI_WILTY_EP68_truth_13,20:53,20:58
HPlXvaGFJ3I,BRI_WILTY_EP68_truth_14,21:10,21:17
HPlXvaGFJ3I,BRI_WILTY_EP68_lie_15,23:05,23:12
HPlXvaGFJ3I,BRI_WILTY_EP68_lie_16,23:14,23:18
HPlXvaGFJ3I,BRI_WILTY_EP68_lie_17,23:31,23:36
HPlXvaGFJ3I,BRI_WILTY_EP68_lie_18,23:57,24:03
HPlXvaGFJ3I,BRI_WILTY_EP68_lie_19,24:59,25:07
HPlXvaGFJ3I,BRI_WILTY_EP68_lie_20,25:27,25:38
HPlXvaGFJ3I,BRI_WILTY_EP68_lie_21,25:44,25:52
YOw1CSQ1Kro,BRI_WILTY_EP69_lie_1,1:58,2:08
YOw1CSQ1Kro,BRI_WILTY_EP69_lie_2,2:33,2:38
YOw1CSQ1Kro,BRI_WILTY_EP69_lie_3,2:41,2:47
YOw1CSQ1Kro,BRI_WILTY_EP69_truth_4,6:05,6:10
YOw1CSQ1Kro,BRI_WILTY_EP69_truth_5,6:33,6:40
YOw1CSQ1Kro,BRI_WILTY_EP69_truth_6,9:01,9:06
YOw1CSQ1Kro,BRI_WILTY_EP69_lie_8,9:09,9:18
YOw1CSQ1Kro,BRI_WILTY_EP69_lie_9,9:23,9:32
YOw1CSQ1Kro,BRI_WILTY_EP69_truth_10,9:49,9:53
YOw1CSQ1Kro,BRI_WILTY_EP69_truth_11,10:08,10:12
YOw1CSQ1Kro,BRI_WILTY_EP69_lie_12,11:36,11:40
YOw1CSQ1Kro,BRI_WILTY_EP69_lie_13,13:29,13:33
YOw1CSQ1Kro,BRI_WILTY_EP69_lie_14,13:43,13:50
YOw1CSQ1Kro,BRI_WILTY_EP69_lie_15,13:58,14:02
YOw1CSQ1Kro,BRI_WILTY_EP69_lie_16,14:39,14:45
YOw1CSQ1Kro,BRI_WILTY_EP69_lie_17,15:38,15:44
YOw1CSQ1Kro,BRI_WILTY_EP69_lie_18,16:03,16:08
YOw1CSQ1Kro,BRI_WILTY_EP69_lie_19,18:15,18:22
YOw1CSQ1Kro,BRI_WILTY_EP69_lie_20,18:27,18:30
YOw1CSQ1Kro,BRI_WILTY_EP69_lie_21,18:55,18:59
YOw1CSQ1Kro,BRI_WILTY_EP69_truth_22,21:33,21:43
YOw1CSQ1Kro,BRI_WILTY_EP69_truth_23,22:11,22:16
YOw1CSQ1Kro,BRI_WILTY_EP69_truth_24,24:27,24:38
YOw1CSQ1Kro,BRI_WILTY_EP69_truth_25,24:47,24:52
YOw1CSQ1Kro,BRI_WILTY_EP69_truth_26,25:15,25:22
UOaPxUeJA3I,YW_WILTY_EP70_truth1,1:42,1:49
UOaPxUeJA3I,YW_WILTY_EP70_truth2,1:57,2
UOaPxUeJA3I,YW_WILTY_EP70_truth3,2:04,2:07
UOaPxUeJA3I,YW_WILTY_EP70_truth4,2:13,2:16
UOaPxUeJA3I,YW_WILTY_EP70_truth5,2:18,2:22
UOaPxUeJA3I,YW_WILTY_EP70_truth6,2:43,2:48
UOaPxUeJA3I,YW_WILTY_EP70_truth7,3:40,3:43
UOaPxUeJA3I,YW_WILTY_EP70_truth8,4:19,4:23
UOaPxUeJA3I,YW_WILTY_EP70_truth9,4:31,4:34
UOaPxUeJA3I,YW_WILTY_EP70_truth10,6:41,6:45
UOaPxUeJA3I,YW_WILTY_EP70_truth11,6:54,7
UOaPxUeJA3I,YW_WILTY_EP70_truth12,10:36,10:41
UOaPxUeJA3I,YW_WILTY_EP70_truth13,11:22,11:26
UOaPxUeJA3I,YW_WILTY_EP70_truth14,12:38,12:44
UOaPxUeJA3I,YW_WILTY_EP70_truth15,15:37,15:40
UOaPxUeJA3I,YW_WILTY_EP70_truth16,16:50,16:56
UOaPxUeJA3I,YW_WILTY_EP70_lie17,18:10,18:14
UOaPxUeJA3I,YW_WILTY_EP70_lie18,18:49,18:54
UOaPxUeJA3I,YW_WILTY_EP70_lie19,19:43,19:47
UOaPxUeJA3I,YW_WILTY_EP70_lie20,19:55,19:59
UOaPxUeJA3I,YW_WILTY_EP70_lie21,21:18,21:21
r_EYquoGsK0,SJ_WILTY_EP71_true_1,1:17,1:23
r_EYquoGsK0,SJ_WILTY_EP71_true_2,1:27,1:30
r_EYquoGsK0,SJ_WILTY_EP71_true_3,1:33,1:37
r_EYquoGsK0,SJ_WILTY_EP71_true_4,1:42,1:45
r_EYquoGsK0,SJ_WILTY_EP71_true_5,2,2:04
r_EYquoGsK0,SJ_WILTY_EP71_true_6,2:09,2:12
r_EYquoGsK0,SJ_WILTY_EP71_true_7,4:17,4:20
r_EYquoGsK0,SJ_WILTY_EP71_true_8,4:22,4:25
r_EYquoGsK0,SJ_WILTY_EP71_true_9,5:59,6:04
r_EYquoGsK0,SJ_WILTY_EP71_true_10,6:19,6:22
r_EYquoGsK0,SJ_WILTY_EP71_true_11,6:40,6:45
r_EYquoGsK0,SJ_WILTY_EP71_true_12,6:51,6:56
r_EYquoGsK0,SJ_WILTY_EP71_true_13,7:04,7:07
r_EYquoGsK0,SJ_WILTY_EP71_true_14,7:43,7:47
r_EYquoGsK0,SJ_WILTY_EP71_true_15,9:06,9:14
r_EYquoGsK0,SJ_WILTY_EP71_true_16,9:19,9:28
r_EYquoGsK0,SJ_WILTY_EP71_true_17,9:39,9:49
r_EYquoGsK0,SJ_WILTY_EP71_true_18,10:07,10:12
r_EYquoGsK0,SJ_WILTY_EP71_true_19,10:27,10:35
r_EYquoGsK0,SJ_WILTY_EP71_true_20,10:51,10:55
r_EYquoGsK0,SJ_WILTY_EP71_true_21,11:03,11:08
r_EYquoGsK0,SJ_WILTY_EP71_true_22,11:25,11:30
r_EYquoGsK0,SJ_WILTY_EP71_true_23,11:59,12:04
r_EYquoGsK0,SJ_WILTY_EP71_true_24,12:11,12:15
r_EYquoGsK0,SJ_WILTY_EP71_true_25,12:17,12:20
r_EYquoGsK0,SJ_WILTY_EP71_lie_1,12:52,12:56
r_EYquoGsK0,SJ_WILTY_EP71_lie_2,13:02,13:11
r_EYquoGsK0,SJ_WILTY_EP71_lie_3,13:15,13:19
r_EYquoGsK0,SJ_WILTY_EP71_lie_4,13:34,13:38
r_EYquoGsK0,SJ_WILTY_EP71_lie_5,14:11,14:14
r_EYquoGsK0,SJ_WILTY_EP71_lie_6,14:29,14:33
r_EYquoGsK0,SJ_WILTY_EP71_lie_7,15:03,15:09
r_EYquoGsK0,SJ_WILTY_EP71_lie_8,15:13,15:18
r_EYquoGsK0,SJ_WILTY_EP71_lie_9,15:38,15:44
r_EYquoGsK0,SJ_WILTY_EP71_lie_10,16,16:05
r_EYquoGsK0,SJ_WILTY_EP71_lie_11,16:34,16:38
r_EYquoGsK0,SJ_WILTY_EP71_lie_12,16:41,16:45
r_EYquoGsK0,SJ_WILTY_EP71_lie_13,16:49,16:52
r_EYquoGsK0,SJ_WILTY_EP71_lie_14,  17:02,17:08
r_EYquoGsK0,SJ_WILTY_EP71_lie_15,17:33,17:38
r_EYquoGsK0,SJ_WILTY_EP71_lie_16,17:55,17:58
r_EYquoGsK0,SJ_WILTY_EP71_lie_17,18:11,18:15
r_EYquoGsK0,SJ_WILTY_EP71_true_26,20:13,20:16
r_EYquoGsK0,SJ_WILTY_EP71_true_27,20:20,20:25
r_EYquoGsK0,SJ_WILTY_EP71_true_28,20:34,20:38
r_EYquoGsK0,SJ_WILTY_EP71_true_29,20:44,20:48
r_EYquoGsK0,SJ_WILTY_EP71_true_30,21:42,21:47
r_EYquoGsK0,SJ_WILTY_EP71_true_31,21:50,21:59
r_EYquoGsK0,SJ_WILTY_EP71_lie_18,23:38,23:44
FCn_xqDKU6w,LS_WILTY_EP72_lie1,2:29,2:32
FCn_xqDKU6w,LS_WILTY_EP72_lie2,2:54,2:58
FCn_xqDKU6w,LS_WILTY_EP72_lie3,4:03,4:06
FCn_xqDKU6w,LS_WILTY_EP72_true1,6:15,6:20
FCn_xqDKU6w,LS_WILTY_EP72_true2,6:35,6:46
FCn_xqDKU6w,LS_WILTY_EP72_true3,8:46,8:52
FCn_xqDKU6w,LS_WILTY_EP72_true4,9:16,9:22
FCn_xqDKU6w,LS_WILTY_EP72_true5,10:16,10:20
FCn_xqDKU6w,LS_WILTY_EP72_true6,10:24,10:27
FCn_xqDKU6w,LS_WILTY_EP72_true7,11:40,11:46
FCn_xqDKU6w,LS_WILTY_EP72_lie4,11:53,11:57
FCn_xqDKU6w,LS_WILTY_EP72_lie5,12:03,12:09
FCn_xqDKU6w,LS_WILTY_EP72_true8,12:51,12:57
FCn_xqDKU6w,LS_WILTY_EP72_true9,14:05,14:10
FCn_xqDKU6w,LS_WILTY_EP72_lie6,14:58,15:10
FCn_xqDKU6w,LS_WILTY_EP72_lie7,15:17,15:22
FCn_xqDKU6w,LS_WILTY_EP72_lie8,16:55,16:58
FCn_xqDKU6w,LS_WILTY_EP72_lie9,17:02,17:06
FCn_xqDKU6w,LS_WILTY_EP72_lie10,17:14,17:21
FCn_xqDKU6w,LS_WILTY_EP72_lie11,18:32,18:36
FCn_xqDKU6w,LS_WILTY_EP72_lie12,24:17,24:22
FCn_xqDKU6w,LS_WILTY_EP72_lie13,23:36,23:41
FCn_xqDKU6w,LS_WILTY_EP72_lie14,25:31,25:38
FCn_xqDKU6w,LS_WILTY_EP72_lie15,26:32,26:37
FCn_xqDKU6w,LS_WILTY_EP72_lie16,26:45,26:48
FCn_xqDKU6w,LS_WILTY_EP72_lie17,27:02,27:13
CHT1ESSpKQU,LS_WILTY_EP73_ true1,1:51,2:02
CHT1ESSpKQU,LS_WILTY_EP73_ true2,2:21,2:25
CHT1ESSpKQU,LS_WILTY_EP73_ true3,3:47,3:51
CHT1ESSpKQU,LS_WILTY_EP73_ true4,3:55,4:01
CHT1ESSpKQU,LS_WILTY_EP73_ true5,4:02,4:25
CHT1ESSpKQU,LS_WILTY_EP73_ true6,6:04,6:09
CHT1ESSpKQU,LS_WILTY_EP73_ true7,6:11,6:16
CHT1ESSpKQU,LS_WILTY_EP73_ true8,7:18,7:26
CHT1ESSpKQU,LS_WILTY_EP73_ true9,7:58,8:01
CHT1ESSpKQU,LS_WILTY_EP73_ true10,8:49,8:54
CHT1ESSpKQU,LS_WILTY_EP73_ true11,8:57,9:01
CHT1ESSpKQU,LS_WILTY_EP73_ true12,9:04,9:10
CHT1ESSpKQU,LS_WILTY_EP73_ true13,9:51,9:57
CHT1ESSpKQU,LS_WILTY_EP73_ true14,11:38,11:45
CHT1ESSpKQU,LS_WILTY_EP73_ lie1,12:06,12:13
CHT1ESSpKQU,LS_WILTY_EP73_ true16,12:20,12:24
CHT1ESSpKQU,LS_WILTY_EP73_ true17,13:08,13:16
CHT1ESSpKQU,LS_WILTY_EP73_ true18,13:42,13:46
CHT1ESSpKQU,LS_WILTY_EP73_ lie2,15:13,15:20
CHT1ESSpKQU,LS_WILTY_EP73_ lie3,15:45,15:52
CHT1ESSpKQU,LS_WILTY_EP73_ lie4,16:36,16:41
CHT1ESSpKQU,LS_WILTY_EP73_ lie5,16:54,16:58
CHT1ESSpKQU,LS_WILTY_EP73_ lie6,17:09,17:13
CHT1ESSpKQU,LS_WILTY_EP73_ lie7,18:36,18:44
CHT1ESSpKQU,LS_WILTY_EP73_ lie8,19:15,19:25
CHT1ESSpKQU,LS_WILTY_EP73_ lie9,26:36,26:43
zeY-HNXhvrg,LS_WILTY_EP75_lie1,1:27,1:32
zeY-HNXhvrg,LS_WILTY_EP75_lie2,3:05,3:53
zeY-HNXhvrg,LS_WILTY_EP75_lie3,5:12,5:16
zeY-HNXhvrg,LS_WILTY_EP75_true1,5:54,6:02
zeY-HNXhvrg,LS_WILTY_EP75_true2,6:12,6:16
zeY-HNXhvrg,LS_WILTY_EP75_true3,7:03,7:06
zeY-HNXhvrg,LS_WILTY_EP75_true4,10:03,10:12
zeY-HNXhvrg,LS_WILTY_EP75_lie4,14:03,14:35
zeY-HNXhvrg,LS_WILTY_EP75_lie5,15:47,15:53
zeY-HNXhvrg,LS_WILTY_EP75_lie6,22:15,22:18
zeY-HNXhvrg,LS_WILTY_EP75_lie7,22:49,22:52
zeY-HNXhvrg,LS_WILTY_EP75_lie8,23:03,23:11
zeY-HNXhvrg,LS_WILTY_EP75_lie9,23:31,23:39
xmNBmKCGZXY,LS_WILTY_EP76_true1,2:18,2:21
xmNBmKCGZXY,LS_WILTY_EP76_true2,2:25,2:29
xmNBmKCGZXY,LS_WILTY_EP76_true3,2:05,2:46
xmNBmKCGZXY,LS_WILTY_EP76_true4,3:14,3:19
xmNBmKCGZXY,LS_WILTY_EP76_true5,4:04,4:08
xmNBmKCGZXY,LS_WILTY_EP76_lie1,6:59,7:03
xmNBmKCGZXY,LS_WILTY_EP76_lie2,7:22,7:25
xmNBmKCGZXY,LS_WILTY_EP76_true6,10:28,10:31
xmNBmKCGZXY,LS_WILTY_EP76_true7,13:27,13:36
xmNBmKCGZXY,LS_WILTY_EP75_lie10,13:54,13:59
xmNBmKCGZXY,LS_WILTY_EP76_true8,14:32,14:39
xmNBmKCGZXY,LS_WILTY_EP76_true9,15:47,15:51
xmNBmKCGZXY,LS_WILTY_EP76_true10,15:57,16:02
xmNBmKCGZXY,LS_WILTY_EP76_true11,16:16,16:22
xmNBmKCGZXY,LS_WILTY_EP76_true12,16:32,16:39
xmNBmKCGZXY,LS_WILTY_EP76_true13,16:54,16:59
xmNBmKCGZXY,LS_WILTY_EP76_lie11,18:13,18:16
xmNBmKCGZXY,LS_WILTY_EP76_lie12,20:03,20:25
xmNBmKCGZXY,LS_WILTY_EP76_lie13,20:57,21:01
xmNBmKCGZXY,LS_WILTY_EP76_lie14,22:02,22:24
xmNBmKCGZXY,LS_WILTY_EP76_lie15,26:01,26:06
xmNBmKCGZXY,LS_WILTY_EP76_lie16,26:43,26:51

